SampleName	Modified	Path	R1	R2	M1
18-P	2018-09-14	/scratch/TGenNextGen/TGN-MiSeq0596/NAU/	/scratch/TGenNextGen/TGN-MiSeq0596/NAU/18-P_S37_L001_R1_001.fastq.gz	/scratch/TGenNextGen/TGN-MiSeq0596/NAU/18-P_S37_L001_R2_001.fastq.gz	12.98%
20-P	2018-09-14	/scratch/TGenNextGen/TGN-MiSeq0596/NAU/	/scratch/TGenNextGen/TGN-MiSeq0596/NAU/20-P_S38_L001_R1_001.fastq.gz	/scratch/TGenNextGen/TGN-MiSeq0596/NAU/20-P_S38_L001_R2_001.fastq.gz	0.12%
21-P	2018-09-14	/scratch/TGenNextGen/TGN-MiSeq0596/NAU/	/scratch/TGenNextGen/TGN-MiSeq0596/NAU/21-P_S39_L001_R1_001.fastq.gz	/scratch/TGenNextGen/TGN-MiSeq0596/NAU/21-P_S39_L001_R2_001.fastq.gz	0.47%
22-P	2018-09-14	/scratch/TGenNextGen/TGN-MiSeq0596/NAU/	/scratch/TGenNextGen/TGN-MiSeq0596/NAU/22-P_S40_L001_R1_001.fastq.gz	/scratch/TGenNextGen/TGN-MiSeq0596/NAU/22-P_S40_L001_R2_001.fastq.gz	5.19%
41-P	2018-09-14	/scratch/TGenNextGen/TGN-MiSeq0596/NAU/	/scratch/TGenNextGen/TGN-MiSeq0596/NAU/41-P_S41_L001_R1_001.fastq.gz	/scratch/TGenNextGen/TGN-MiSeq0596/NAU/41-P_S41_L001_R2_001.fastq.gz	49.92%
48-P	2018-09-14	/scratch/TGenNextGen/TGN-MiSeq0596/NAU/	/scratch/TGenNextGen/TGN-MiSeq0596/NAU/48-P_S42_L001_R1_001.fastq.gz	/scratch/TGenNextGen/TGN-MiSeq0596/NAU/48-P_S42_L001_R2_001.fastq.gz	90.22%
6-P	2018-09-14	/scratch/TGenNextGen/TGN-MiSeq0596/NAU/	/scratch/TGenNextGen/TGN-MiSeq0596/NAU/6-P_S36_L001_R1_001.fastq.gz	/scratch/TGenNextGen/TGN-MiSeq0596/NAU/6-P_S36_L001_R2_001.fastq.gz	58.45%
68-P	2018-09-14	/scratch/TGenNextGen/TGN-MiSeq0596/NAU/	/scratch/TGenNextGen/TGN-MiSeq0596/NAU/68-P_S43_L001_R1_001.fastq.gz	/scratch/TGenNextGen/TGN-MiSeq0596/NAU/68-P_S43_L001_R2_001.fastq.gz	86.43%
69-P	2018-09-14	/scratch/TGenNextGen/TGN-MiSeq0596/NAU/	/scratch/TGenNextGen/TGN-MiSeq0596/NAU/69-P_S44_L001_R1_001.fastq.gz	/scratch/TGenNextGen/TGN-MiSeq0596/NAU/69-P_S44_L001_R2_001.fastq.gz	3.60%
70-P	2018-09-14	/scratch/TGenNextGen/TGN-MiSeq0596/NAU/	/scratch/TGenNextGen/TGN-MiSeq0596/NAU/70-P_S45_L001_R1_001.fastq.gz	/scratch/TGenNextGen/TGN-MiSeq0596/NAU/70-P_S45_L001_R2_001.fastq.gz	3.77%
71-P	2018-09-14	/scratch/TGenNextGen/TGN-MiSeq0596/NAU/	/scratch/TGenNextGen/TGN-MiSeq0596/NAU/71-P_S46_L001_R1_001.fastq.gz	/scratch/TGenNextGen/TGN-MiSeq0596/NAU/71-P_S46_L001_R2_001.fastq.gz	91.40%
AZ_GAS_TG93633	2016-12-01	/scratch/TGenNextGen/TGN-MiSeq0346/CPHCP_AZ_GAS/	/scratch/TGenNextGen/TGN-MiSeq0346/CPHCP_AZ_GAS/AZ_GAS_TG93633_S15_L001_R1_001.fastq.gz	/scratch/TGenNextGen/TGN-MiSeq0346/CPHCP_AZ_GAS/AZ_GAS_TG93633_S15_L001_R2_001.fastq.gz	92.51%
AZ_GAS_TG93637	2016-12-01	/scratch/TGenNextGen/TGN-MiSeq0346/CPHCP_AZ_GAS/	/scratch/TGenNextGen/TGN-MiSeq0346/CPHCP_AZ_GAS/AZ_GAS_TG93637_S16_L001_R1_001.fastq.gz	/scratch/TGenNextGen/TGN-MiSeq0346/CPHCP_AZ_GAS/AZ_GAS_TG93637_S16_L001_R2_001.fastq.gz	92.27%
AZ_GAS_TG93641	2016-12-01	/scratch/TGenNextGen/TGN-MiSeq0346/CPHCP_AZ_GAS/	/scratch/TGenNextGen/TGN-MiSeq0346/CPHCP_AZ_GAS/AZ_GAS_TG93641_S17_L001_R1_001.fastq.gz	/scratch/TGenNextGen/TGN-MiSeq0346/CPHCP_AZ_GAS/AZ_GAS_TG93641_S17_L001_R2_001.fastq.gz	98.69%
AZ_GAS_TG93645	2016-12-01	/scratch/TGenNextGen/TGN-MiSeq0346/CPHCP_AZ_GAS/	/scratch/TGenNextGen/TGN-MiSeq0346/CPHCP_AZ_GAS/AZ_GAS_TG93645_S18_L001_R1_001.fastq.gz	/scratch/TGenNextGen/TGN-MiSeq0346/CPHCP_AZ_GAS/AZ_GAS_TG93645_S18_L001_R2_001.fastq.gz	91.89%
GAS-FMCTG95157-xx-CL-USA-2017-040-JB	2017-09-22	/scratch/TGenNextGen/TGN-MiSeq0442_8bp/PH-CDC-FMC/SE-FMCTG95157-xx-CL-USA-2017-040-JB/	/scratch/TGenNextGen/TGN-MiSeq0442_8bp/PH-CDC-FMC/SE-FMCTG95157-xx-CL-USA-2017-040-JB/GAS-FMCTG95157-xx-CL-USA-2017-040-JB_S1_L001_R1_001.fastq.gz	/scratch/TGenNextGen/TGN-MiSeq0442_8bp/PH-CDC-FMC/SE-FMCTG95157-xx-CL-USA-2017-040-JB/GAS-FMCTG95157-xx-CL-USA-2017-040-JB_S1_L001_R2_001.fastq.gz	91.38%
GAS-FMCTG95165-xx-CL-USA-2017-040-JB	2017-09-22	/scratch/TGenNextGen/TGN-MiSeq0442_8bp/PH-CDC-FMC/SE-FMCTG95165-xx-CL-USA-2017-040-JB/	/scratch/TGenNextGen/TGN-MiSeq0442_8bp/PH-CDC-FMC/SE-FMCTG95165-xx-CL-USA-2017-040-JB/GAS-FMCTG95165-xx-CL-USA-2017-040-JB_S3_L001_R1_001.fastq.gz	/scratch/TGenNextGen/TGN-MiSeq0442_8bp/PH-CDC-FMC/SE-FMCTG95165-xx-CL-USA-2017-040-JB/GAS-FMCTG95165-xx-CL-USA-2017-040-JB_S3_L001_R2_001.fastq.gz	91.28%
GAS-FMCTG95169-xx-CL-USA-2017-040-JB	2017-09-22	/scratch/TGenNextGen/TGN-MiSeq0442_8bp/PH-CDC-FMC/SE-FMCTG95169-xx-CL-USA-2017-040-JB/	/scratch/TGenNextGen/TGN-MiSeq0442_8bp/PH-CDC-FMC/SE-FMCTG95169-xx-CL-USA-2017-040-JB/GAS-FMCTG95169-xx-CL-USA-2017-040-JB_S4_L001_R1_001.fastq.gz	/scratch/TGenNextGen/TGN-MiSeq0442_8bp/PH-CDC-FMC/SE-FMCTG95169-xx-CL-USA-2017-040-JB/GAS-FMCTG95169-xx-CL-USA-2017-040-JB_S4_L001_R2_001.fastq.gz	98.69%
GAS-FMCTG95305-xx-CL-USA-2017-040-JB	2017-09-22	/scratch/TGenNextGen/TGN-MiSeq0442_8bp/PH-CDC-FMC/SE-FMCTG95305-xx-CL-USA-2017-040-JB/	/scratch/TGenNextGen/TGN-MiSeq0442_8bp/PH-CDC-FMC/SE-FMCTG95305-xx-CL-USA-2017-040-JB/GAS-FMCTG95305-xx-CL-USA-2017-040-JB_S5_L001_R1_001.fastq.gz	/scratch/TGenNextGen/TGN-MiSeq0442_8bp/PH-CDC-FMC/SE-FMCTG95305-xx-CL-USA-2017-040-JB/GAS-FMCTG95305-xx-CL-USA-2017-040-JB_S5_L001_R2_001.fastq.gz	91.83%
GAS-FMCTG95309-xx-CL-USA-2017-040-JB	2017-09-22	/scratch/TGenNextGen/TGN-MiSeq0442_8bp/PH-CDC-FMC/SE-FMCTG95309-xx-CL-USA-2017-040-JB/	/scratch/TGenNextGen/TGN-MiSeq0442_8bp/PH-CDC-FMC/SE-FMCTG95309-xx-CL-USA-2017-040-JB/GAS-FMCTG95309-xx-CL-USA-2017-040-JB_S6_L001_R1_001.fastq.gz	/scratch/TGenNextGen/TGN-MiSeq0442_8bp/PH-CDC-FMC/SE-FMCTG95309-xx-CL-USA-2017-040-JB/GAS-FMCTG95309-xx-CL-USA-2017-040-JB_S6_L001_R2_001.fastq.gz	92.41%
GAS-FMCTG95313-xx-CL-USA-2017-040-JB	2017-09-22	/scratch/TGenNextGen/TGN-MiSeq0442_8bp/PH-CDC-FMC/SE-FMCTG95313-xx-CL-USA-2017-040-JB/	/scratch/TGenNextGen/TGN-MiSeq0442_8bp/PH-CDC-FMC/SE-FMCTG95313-xx-CL-USA-2017-040-JB/GAS-FMCTG95313-xx-CL-USA-2017-040-JB_S7_L001_R1_001.fastq.gz	/scratch/TGenNextGen/TGN-MiSeq0442_8bp/PH-CDC-FMC/SE-FMCTG95313-xx-CL-USA-2017-040-JB/GAS-FMCTG95313-xx-CL-USA-2017-040-JB_S7_L001_R2_001.fastq.gz	92.25%
GAS-FMCTG95589-xx-CL-USA-2017-040-JB	2017-09-22	/scratch/TGenNextGen/TGN-MiSeq0442_8bp/PH-CDC-FMC/SE-FMCTG95589-xx-CL-USA-2017-040-JB/	/scratch/TGenNextGen/TGN-MiSeq0442_8bp/PH-CDC-FMC/SE-FMCTG95589-xx-CL-USA-2017-040-JB/GAS-FMCTG95589-xx-CL-USA-2017-040-JB_S8_L001_R1_001.fastq.gz	/scratch/TGenNextGen/TGN-MiSeq0442_8bp/PH-CDC-FMC/SE-FMCTG95589-xx-CL-USA-2017-040-JB/GAS-FMCTG95589-xx-CL-USA-2017-040-JB_S8_L001_R2_001.fastq.gz	91.18%
GAS-FMCTG98519-xx-CL-USA-2017-040-JB	2017-09-22	/scratch/TGenNextGen/TGN-MiSeq0442_8bp/PH-CDC-FMC/SE-FMCTG98519-xx-CL-USA-2017-040-JB/	/scratch/TGenNextGen/TGN-MiSeq0442_8bp/PH-CDC-FMC/SE-FMCTG98519-xx-CL-USA-2017-040-JB/GAS-FMCTG98519-xx-CL-USA-2017-040-JB_S9_L001_R1_001.fastq.gz	/scratch/TGenNextGen/TGN-MiSeq0442_8bp/PH-CDC-FMC/SE-FMCTG98519-xx-CL-USA-2017-040-JB/GAS-FMCTG98519-xx-CL-USA-2017-040-JB_S9_L001_R2_001.fastq.gz	89.09%
GAS-FMCTG98523-xx-CL-USA-2017-040-JB	2017-09-22	/scratch/TGenNextGen/TGN-MiSeq0442_8bp/PH-CDC-FMC/SE-FMCTG98523-xx-CL-USA-2017-040-JB/	/scratch/TGenNextGen/TGN-MiSeq0442_8bp/PH-CDC-FMC/SE-FMCTG98523-xx-CL-USA-2017-040-JB/GAS-FMCTG98523-xx-CL-USA-2017-040-JB_S10_L001_R1_001.fastq.gz	/scratch/TGenNextGen/TGN-MiSeq0442_8bp/PH-CDC-FMC/SE-FMCTG98523-xx-CL-USA-2017-040-JB/GAS-FMCTG98523-xx-CL-USA-2017-040-JB_S10_L001_R2_001.fastq.gz	91.80%
GAS-FMCTG98527-xx-CL-USA-2017-040-JB	2017-09-22	/scratch/TGenNextGen/TGN-MiSeq0442_8bp/PH-CDC-FMC/SE-FMCTG98527-xx-CL-USA-2017-040-JB/	/scratch/TGenNextGen/TGN-MiSeq0442_8bp/PH-CDC-FMC/SE-FMCTG98527-xx-CL-USA-2017-040-JB/GAS-FMCTG98527-xx-CL-USA-2017-040-JB_S11_L001_R1_001.fastq.gz	/scratch/TGenNextGen/TGN-MiSeq0442_8bp/PH-CDC-FMC/SE-FMCTG98527-xx-CL-USA-2017-040-JB/GAS-FMCTG98527-xx-CL-USA-2017-040-JB_S11_L001_R2_001.fastq.gz	71.95%
GAS-FMCTG98531-xx-CL-USA-2017-040-JB	2017-09-22	/scratch/TGenNextGen/TGN-MiSeq0442_8bp/PH-CDC-FMC/SE-FMCTG98531-xx-CL-USA-2017-040-JB/	/scratch/TGenNextGen/TGN-MiSeq0442_8bp/PH-CDC-FMC/SE-FMCTG98531-xx-CL-USA-2017-040-JB/GAS-FMCTG98531-xx-CL-USA-2017-040-JB_S12_L001_R1_001.fastq.gz	/scratch/TGenNextGen/TGN-MiSeq0442_8bp/PH-CDC-FMC/SE-FMCTG98531-xx-CL-USA-2017-040-JB/GAS-FMCTG98531-xx-CL-USA-2017-040-JB_S12_L001_R2_001.fastq.gz	92.14%
GAS-FMCTG98535-xx-CL-USA-2017-040-JB	2017-09-22	/scratch/TGenNextGen/TGN-MiSeq0442_8bp/PH-CDC-FMC/SE-FMCTG98535-xx-CL-USA-2017-040-JB/	/scratch/TGenNextGen/TGN-MiSeq0442_8bp/PH-CDC-FMC/SE-FMCTG98535-xx-CL-USA-2017-040-JB/GAS-FMCTG98535-xx-CL-USA-2017-040-JB_S13_L001_R1_001.fastq.gz	/scratch/TGenNextGen/TGN-MiSeq0442_8bp/PH-CDC-FMC/SE-FMCTG98535-xx-CL-USA-2017-040-JB/GAS-FMCTG98535-xx-CL-USA-2017-040-JB_S13_L001_R2_001.fastq.gz	89.32%
GAS-FMCTG98539-xx-CL-USA-2017-040-JB	2017-09-22	/scratch/TGenNextGen/TGN-MiSeq0442_8bp/PH-CDC-FMC/SE-FMCTG98539-xx-CL-USA-2017-040-JB/	/scratch/TGenNextGen/TGN-MiSeq0442_8bp/PH-CDC-FMC/SE-FMCTG98539-xx-CL-USA-2017-040-JB/GAS-FMCTG98539-xx-CL-USA-2017-040-JB_S14_L001_R1_001.fastq.gz	/scratch/TGenNextGen/TGN-MiSeq0442_8bp/PH-CDC-FMC/SE-FMCTG98539-xx-CL-USA-2017-040-JB/GAS-FMCTG98539-xx-CL-USA-2017-040-JB_S14_L001_R2_001.fastq.gz	90.00%
GAS-FMCTG98543-xx-CL-USA-2017-040-JB	2017-09-22	/scratch/TGenNextGen/TGN-MiSeq0442_8bp/PH-CDC-FMC/SE-FMCTG98543-xx-CL-USA-2017-040-JB/	/scratch/TGenNextGen/TGN-MiSeq0442_8bp/PH-CDC-FMC/SE-FMCTG98543-xx-CL-USA-2017-040-JB/GAS-FMCTG98543-xx-CL-USA-2017-040-JB_S15_L001_R1_001.fastq.gz	/scratch/TGenNextGen/TGN-MiSeq0442_8bp/PH-CDC-FMC/SE-FMCTG98543-xx-CL-USA-2017-040-JB/GAS-FMCTG98543-xx-CL-USA-2017-040-JB_S15_L001_R2_001.fastq.gz	91.68%
GAS-FMCTG98547-xx-CL-USA-2017-040-JB	2017-09-22	/scratch/TGenNextGen/TGN-MiSeq0442_8bp/PH-CDC-FMC/SE-FMCTG98547-xx-CL-USA-2017-040-JB/	/scratch/TGenNextGen/TGN-MiSeq0442_8bp/PH-CDC-FMC/SE-FMCTG98547-xx-CL-USA-2017-040-JB/GAS-FMCTG98547-xx-CL-USA-2017-040-JB_S16_L001_R1_001.fastq.gz	/scratch/TGenNextGen/TGN-MiSeq0442_8bp/PH-CDC-FMC/SE-FMCTG98547-xx-CL-USA-2017-040-JB/GAS-FMCTG98547-xx-CL-USA-2017-040-JB_S16_L001_R2_001.fastq.gz	88.76%
GAS-FMCTG98551-xx-CL-USA-2017-040-JB	2017-09-22	/scratch/TGenNextGen/TGN-MiSeq0442_8bp/PH-CDC-FMC/SE-FMCTG98551-xx-CL-USA-2017-040-JB/	/scratch/TGenNextGen/TGN-MiSeq0442_8bp/PH-CDC-FMC/SE-FMCTG98551-xx-CL-USA-2017-040-JB/GAS-FMCTG98551-xx-CL-USA-2017-040-JB_S17_L001_R1_001.fastq.gz	/scratch/TGenNextGen/TGN-MiSeq0442_8bp/PH-CDC-FMC/SE-FMCTG98551-xx-CL-USA-2017-040-JB/GAS-FMCTG98551-xx-CL-USA-2017-040-JB_S17_L001_R2_001.fastq.gz	88.50%
GAS-FMCTG98555-xx-CL-USA-2017-040-JB	2017-09-22	/scratch/TGenNextGen/TGN-MiSeq0442_8bp/PH-CDC-FMC/SE-FMCTG98555-xx-CL-USA-2017-040-JB/	/scratch/TGenNextGen/TGN-MiSeq0442_8bp/PH-CDC-FMC/SE-FMCTG98555-xx-CL-USA-2017-040-JB/GAS-FMCTG98555-xx-CL-USA-2017-040-JB_S18_L001_R1_001.fastq.gz	/scratch/TGenNextGen/TGN-MiSeq0442_8bp/PH-CDC-FMC/SE-FMCTG98555-xx-CL-USA-2017-040-JB/GAS-FMCTG98555-xx-CL-USA-2017-040-JB_S18_L001_R2_001.fastq.gz	90.74%
GAS-FMCTG98559-xx-CL-USA-2017-040-JB	2017-09-22	/scratch/TGenNextGen/TGN-MiSeq0442_8bp/PH-CDC-FMC/SE-FMCTG98559-xx-CL-USA-2017-040-JB/	/scratch/TGenNextGen/TGN-MiSeq0442_8bp/PH-CDC-FMC/SE-FMCTG98559-xx-CL-USA-2017-040-JB/GAS-FMCTG98559-xx-CL-USA-2017-040-JB_S19_L001_R1_001.fastq.gz	/scratch/TGenNextGen/TGN-MiSeq0442_8bp/PH-CDC-FMC/SE-FMCTG98559-xx-CL-USA-2017-040-JB/GAS-FMCTG98559-xx-CL-USA-2017-040-JB_S19_L001_R2_001.fastq.gz	0.00%
GAS-FMCTG98563-xx-CL-USA-2017-040-JB	2017-09-22	/scratch/TGenNextGen/TGN-MiSeq0442_8bp/PH-CDC-FMC/SE-FMCTG98563-xx-CL-USA-2017-040-JB/	/scratch/TGenNextGen/TGN-MiSeq0442_8bp/PH-CDC-FMC/SE-FMCTG98563-xx-CL-USA-2017-040-JB/GAS-FMCTG98563-xx-CL-USA-2017-040-JB_S20_L001_R1_001.fastq.gz	/scratch/TGenNextGen/TGN-MiSeq0442_8bp/PH-CDC-FMC/SE-FMCTG98563-xx-CL-USA-2017-040-JB/GAS-FMCTG98563-xx-CL-USA-2017-040-JB_S20_L001_R2_001.fastq.gz	89.38%
GAS-FMCTG98567-xx-CL-USA-2017-040-JB	2017-09-22	/scratch/TGenNextGen/TGN-MiSeq0442_8bp/PH-CDC-FMC/SE-FMCTG98567-xx-CL-USA-2017-040-JB/	/scratch/TGenNextGen/TGN-MiSeq0442_8bp/PH-CDC-FMC/SE-FMCTG98567-xx-CL-USA-2017-040-JB/GAS-FMCTG98567-xx-CL-USA-2017-040-JB_S21_L001_R1_001.fastq.gz	/scratch/TGenNextGen/TGN-MiSeq0442_8bp/PH-CDC-FMC/SE-FMCTG98567-xx-CL-USA-2017-040-JB/GAS-FMCTG98567-xx-CL-USA-2017-040-JB_S21_L001_R2_001.fastq.gz	89.80%
GAS-FMCTG98571-xx-CL-USA-2017-040-JB	2017-09-22	/scratch/TGenNextGen/TGN-MiSeq0442_8bp/PH-CDC-FMC/SE-FMCTG98571-xx-CL-USA-2017-040-JB/	/scratch/TGenNextGen/TGN-MiSeq0442_8bp/PH-CDC-FMC/SE-FMCTG98571-xx-CL-USA-2017-040-JB/GAS-FMCTG98571-xx-CL-USA-2017-040-JB_S22_L001_R1_001.fastq.gz	/scratch/TGenNextGen/TGN-MiSeq0442_8bp/PH-CDC-FMC/SE-FMCTG98571-xx-CL-USA-2017-040-JB/GAS-FMCTG98571-xx-CL-USA-2017-040-JB_S22_L001_R2_001.fastq.gz	88.92%
GAS-FMCTG98767-xx-CL-USA-2017-040-JB	2017-09-22	/scratch/TGenNextGen/TGN-MiSeq0442_8bp/PH-CDC-FMC/SE-FMCTG98767-xx-CL-USA-2017-040-JB/	/scratch/TGenNextGen/TGN-MiSeq0442_8bp/PH-CDC-FMC/SE-FMCTG98767-xx-CL-USA-2017-040-JB/GAS-FMCTG98767-xx-CL-USA-2017-040-JB_S23_L001_R1_001.fastq.gz	/scratch/TGenNextGen/TGN-MiSeq0442_8bp/PH-CDC-FMC/SE-FMCTG98767-xx-CL-USA-2017-040-JB/GAS-FMCTG98767-xx-CL-USA-2017-040-JB_S23_L001_R2_001.fastq.gz	91.71%
GAS-FMCTG98887-xx-CL-USA-2017-040-JB	2017-09-22	/scratch/TGenNextGen/TGN-MiSeq0442_8bp/PH-CDC-FMC/SE-FMCTG98887-xx-CL-USA-2017-040-JB/	/scratch/TGenNextGen/TGN-MiSeq0442_8bp/PH-CDC-FMC/SE-FMCTG98887-xx-CL-USA-2017-040-JB/GAS-FMCTG98887-xx-CL-USA-2017-040-JB_S24_L001_R1_001.fastq.gz	/scratch/TGenNextGen/TGN-MiSeq0442_8bp/PH-CDC-FMC/SE-FMCTG98887-xx-CL-USA-2017-040-JB/GAS-FMCTG98887-xx-CL-USA-2017-040-JB_S24_L001_R2_001.fastq.gz	91.19%
GAS-TG101577-xx-CL-USA-xxxx-081-JB	2018-02-07	/scratch/TGenNextGen/TGN-MiSeq0493/PMI-TGN_Bowers_PH-MISC/	/scratch/TGenNextGen/TGN-MiSeq0493/PMI-TGN_Bowers_PH-MISC/GAS-TG101577-xx-CL-USA-xxxx-081-JB_S35_L001_R1_001.fastq.gz	/scratch/TGenNextGen/TGN-MiSeq0493/PMI-TGN_Bowers_PH-MISC/GAS-TG101577-xx-CL-USA-xxxx-081-JB_S35_L001_R2_001.fastq.gz	91.95%
GAS-TG102851-xx-CL-USA-xxxx-081-JB	2018-02-07	/scratch/TGenNextGen/TGN-MiSeq0493/PMI-TGN_Bowers_PH-MISC/	/scratch/TGenNextGen/TGN-MiSeq0493/PMI-TGN_Bowers_PH-MISC/GAS-TG102851-xx-CL-USA-xxxx-081-JB_S26_L001_R1_001.fastq.gz	/scratch/TGenNextGen/TGN-MiSeq0493/PMI-TGN_Bowers_PH-MISC/GAS-TG102851-xx-CL-USA-xxxx-081-JB_S26_L001_R2_001.fastq.gz	88.33%
GAS-TG102855-xx-CL-USA-xxxx-081-JB	2018-02-07	/scratch/TGenNextGen/TGN-MiSeq0493/PMI-TGN_Bowers_PH-MISC/	/scratch/TGenNextGen/TGN-MiSeq0493/PMI-TGN_Bowers_PH-MISC/GAS-TG102855-xx-CL-USA-xxxx-081-JB_S27_L001_R1_001.fastq.gz	/scratch/TGenNextGen/TGN-MiSeq0493/PMI-TGN_Bowers_PH-MISC/GAS-TG102855-xx-CL-USA-xxxx-081-JB_S27_L001_R2_001.fastq.gz	98.59%
GAS-TG102859-xx-CL-USA-xxxx-081-JB	2018-02-07	/scratch/TGenNextGen/TGN-MiSeq0493/PMI-TGN_Bowers_PH-MISC/	/scratch/TGenNextGen/TGN-MiSeq0493/PMI-TGN_Bowers_PH-MISC/GAS-TG102859-xx-CL-USA-xxxx-081-JB_S28_L001_R1_001.fastq.gz	/scratch/TGenNextGen/TGN-MiSeq0493/PMI-TGN_Bowers_PH-MISC/GAS-TG102859-xx-CL-USA-xxxx-081-JB_S28_L001_R2_001.fastq.gz	89.83%
GAS-TG102863-xx-CL-USA-xxxx-081-JB	2018-02-07	/scratch/TGenNextGen/TGN-MiSeq0493/PMI-TGN_Bowers_PH-MISC/	/scratch/TGenNextGen/TGN-MiSeq0493/PMI-TGN_Bowers_PH-MISC/GAS-TG102863-xx-CL-USA-xxxx-081-JB_S29_L001_R1_001.fastq.gz	/scratch/TGenNextGen/TGN-MiSeq0493/PMI-TGN_Bowers_PH-MISC/GAS-TG102863-xx-CL-USA-xxxx-081-JB_S29_L001_R2_001.fastq.gz	90.78%
GAS-TG102867-xx-CL-USA-xxxx-081-JB	2018-02-07	/scratch/TGenNextGen/TGN-MiSeq0493/PMI-TGN_Bowers_PH-MISC/	/scratch/TGenNextGen/TGN-MiSeq0493/PMI-TGN_Bowers_PH-MISC/GAS-TG102867-xx-CL-USA-xxxx-081-JB_S30_L001_R1_001.fastq.gz	/scratch/TGenNextGen/TGN-MiSeq0493/PMI-TGN_Bowers_PH-MISC/GAS-TG102867-xx-CL-USA-xxxx-081-JB_S30_L001_R2_001.fastq.gz	88.77%
GAS-TG102871-xx-CL-USA-xxxx-081-JB	2018-02-07	/scratch/TGenNextGen/TGN-MiSeq0493/PMI-TGN_Bowers_PH-MISC/	/scratch/TGenNextGen/TGN-MiSeq0493/PMI-TGN_Bowers_PH-MISC/GAS-TG102871-xx-CL-USA-xxxx-081-JB_S31_L001_R1_001.fastq.gz	/scratch/TGenNextGen/TGN-MiSeq0493/PMI-TGN_Bowers_PH-MISC/GAS-TG102871-xx-CL-USA-xxxx-081-JB_S31_L001_R2_001.fastq.gz	88.87%
GAS-TG102875-xx-CL-USA-xxxx-081-JB	2018-02-07	/scratch/TGenNextGen/TGN-MiSeq0493/PMI-TGN_Bowers_PH-MISC/	/scratch/TGenNextGen/TGN-MiSeq0493/PMI-TGN_Bowers_PH-MISC/GAS-TG102875-xx-CL-USA-xxxx-081-JB_S32_L001_R1_001.fastq.gz	/scratch/TGenNextGen/TGN-MiSeq0493/PMI-TGN_Bowers_PH-MISC/GAS-TG102875-xx-CL-USA-xxxx-081-JB_S32_L001_R2_001.fastq.gz	87.85%
GAS-TG102879-xx-CL-USA-xxxx-081-JB	2018-02-07	/scratch/TGenNextGen/TGN-MiSeq0493/PMI-TGN_Bowers_PH-MISC/	/scratch/TGenNextGen/TGN-MiSeq0493/PMI-TGN_Bowers_PH-MISC/GAS-TG102879-xx-CL-USA-xxxx-081-JB_S33_L001_R1_001.fastq.gz	/scratch/TGenNextGen/TGN-MiSeq0493/PMI-TGN_Bowers_PH-MISC/GAS-TG102879-xx-CL-USA-xxxx-081-JB_S33_L001_R2_001.fastq.gz	88.70%
GAS-TG102883-xx-CL-USA-xxxx-081-JB	2018-02-07	/scratch/TGenNextGen/TGN-MiSeq0493/PMI-TGN_Bowers_PH-MISC/	/scratch/TGenNextGen/TGN-MiSeq0493/PMI-TGN_Bowers_PH-MISC/GAS-TG102883-xx-CL-USA-xxxx-081-JB_S34_L001_R1_001.fastq.gz	/scratch/TGenNextGen/TGN-MiSeq0493/PMI-TGN_Bowers_PH-MISC/GAS-TG102883-xx-CL-USA-xxxx-081-JB_S34_L001_R2_001.fastq.gz	89.17%
GAS-TG104292-xx-CL-USA-xxxx-081-JB	2018-02-07	/scratch/TGenNextGen/TGN-MiSeq0493/PMI-TGN_Bowers_PH-MISC/	/scratch/TGenNextGen/TGN-MiSeq0493/PMI-TGN_Bowers_PH-MISC/GAS-TG104292-xx-CL-USA-xxxx-081-JB_S36_L001_R1_001.fastq.gz	/scratch/TGenNextGen/TGN-MiSeq0493/PMI-TGN_Bowers_PH-MISC/GAS-TG104292-xx-CL-USA-xxxx-081-JB_S36_L001_R2_001.fastq.gz	91.87%
GAS-TG104296-xx-CL-USA-xxxx-081-JB	2018-02-07	/scratch/TGenNextGen/TGN-MiSeq0493/PMI-TGN_Bowers_PH-MISC/	/scratch/TGenNextGen/TGN-MiSeq0493/PMI-TGN_Bowers_PH-MISC/GAS-TG104296-xx-CL-USA-xxxx-081-JB_S37_L001_R1_001.fastq.gz	/scratch/TGenNextGen/TGN-MiSeq0493/PMI-TGN_Bowers_PH-MISC/GAS-TG104296-xx-CL-USA-xxxx-081-JB_S37_L001_R2_001.fastq.gz	92.21%
GAS-TG106285-xx-CL-USA-xxxx-081-JB	2018-02-07	/scratch/TGenNextGen/TGN-MiSeq0493/PMI-TGN_Bowers_PH-MISC/	/scratch/TGenNextGen/TGN-MiSeq0493/PMI-TGN_Bowers_PH-MISC/GAS-TG106285-xx-CL-USA-xxxx-081-JB_S38_L001_R1_001.fastq.gz	/scratch/TGenNextGen/TGN-MiSeq0493/PMI-TGN_Bowers_PH-MISC/GAS-TG106285-xx-CL-USA-xxxx-081-JB_S38_L001_R2_001.fastq.gz	89.98%
GAS-TG110871-xx-CL-USA-xxxx-081-JB	2018-02-07	/scratch/TGenNextGen/TGN-MiSeq0493/PMI-TGN_Bowers_PH-MISC/	/scratch/TGenNextGen/TGN-MiSeq0493/PMI-TGN_Bowers_PH-MISC/GAS-TG110871-xx-CL-USA-xxxx-081-JB_S39_L001_R1_001.fastq.gz	/scratch/TGenNextGen/TGN-MiSeq0493/PMI-TGN_Bowers_PH-MISC/GAS-TG110871-xx-CL-USA-xxxx-081-JB_S39_L001_R2_001.fastq.gz	98.22%
GAS-TG110875-xx-CL-USA-xxxx-081-JB	2018-02-07	/scratch/TGenNextGen/TGN-MiSeq0493/PMI-TGN_Bowers_PH-MISC/	/scratch/TGenNextGen/TGN-MiSeq0493/PMI-TGN_Bowers_PH-MISC/GAS-TG110875-xx-CL-USA-xxxx-081-JB_S40_L001_R1_001.fastq.gz	/scratch/TGenNextGen/TGN-MiSeq0493/PMI-TGN_Bowers_PH-MISC/GAS-TG110875-xx-CL-USA-xxxx-081-JB_S40_L001_R2_001.fastq.gz	89.64%
GAS-TG110879-xx-CL-USA-xxxx-081-JB	2018-02-07	/scratch/TGenNextGen/TGN-MiSeq0493/PMI-TGN_Bowers_PH-MISC/	/scratch/TGenNextGen/TGN-MiSeq0493/PMI-TGN_Bowers_PH-MISC/GAS-TG110879-xx-CL-USA-xxxx-081-JB_S41_L001_R1_001.fastq.gz	/scratch/TGenNextGen/TGN-MiSeq0493/PMI-TGN_Bowers_PH-MISC/GAS-TG110879-xx-CL-USA-xxxx-081-JB_S41_L001_R2_001.fastq.gz	90.62%
GAS-TG110883-xx-CL-USA-xxxx-081-JB	2018-02-07	/scratch/TGenNextGen/TGN-MiSeq0493/PMI-TGN_Bowers_PH-MISC/	/scratch/TGenNextGen/TGN-MiSeq0493/PMI-TGN_Bowers_PH-MISC/GAS-TG110883-xx-CL-USA-xxxx-081-JB_S42_L001_R1_001.fastq.gz	/scratch/TGenNextGen/TGN-MiSeq0493/PMI-TGN_Bowers_PH-MISC/GAS-TG110883-xx-CL-USA-xxxx-081-JB_S42_L001_R2_001.fastq.gz	89.91%
GAS-TG110887-xx-CL-USA-xxxx-081-JB	2018-02-07	/scratch/TGenNextGen/TGN-MiSeq0493/PMI-TGN_Bowers_PH-MISC/	/scratch/TGenNextGen/TGN-MiSeq0493/PMI-TGN_Bowers_PH-MISC/GAS-TG110887-xx-CL-USA-xxxx-081-JB_S43_L001_R1_001.fastq.gz	/scratch/TGenNextGen/TGN-MiSeq0493/PMI-TGN_Bowers_PH-MISC/GAS-TG110887-xx-CL-USA-xxxx-081-JB_S43_L001_R2_001.fastq.gz	87.62%
GAS-TG113124-xx-CL-USA-2018-081-JB	2018-03-14	/scratch/TGenNextGen/TGN-MiSeq0511/PMI-TGN_Bowers_PH-MISC/	/scratch/TGenNextGen/TGN-MiSeq0511/PMI-TGN_Bowers_PH-MISC/GAS-TG113124-xx-CL-USA-2018-081-JB_S131_L001_R1_001.fastq.gz	/scratch/TGenNextGen/TGN-MiSeq0511/PMI-TGN_Bowers_PH-MISC/GAS-TG113124-xx-CL-USA-2018-081-JB_S131_L001_R2_001.fastq.gz	92.23%
GAS-TG113128-xx-CL-USA-2018-081-JB	2018-03-14	/scratch/TGenNextGen/TGN-MiSeq0511/PMI-TGN_Bowers_PH-MISC/	/scratch/TGenNextGen/TGN-MiSeq0511/PMI-TGN_Bowers_PH-MISC/GAS-TG113128-xx-CL-USA-2018-081-JB_S132_L001_R1_001.fastq.gz	/scratch/TGenNextGen/TGN-MiSeq0511/PMI-TGN_Bowers_PH-MISC/GAS-TG113128-xx-CL-USA-2018-081-JB_S132_L001_R2_001.fastq.gz	90.24%
GAS-TG114435-xx-CL-USA-2018-081-JB	2018-03-14	/scratch/TGenNextGen/TGN-MiSeq0511/PMI-TGN_Bowers_PH-MISC/	/scratch/TGenNextGen/TGN-MiSeq0511/PMI-TGN_Bowers_PH-MISC/GAS-TG114435-xx-CL-USA-2018-081-JB_S133_L001_R1_001.fastq.gz	/scratch/TGenNextGen/TGN-MiSeq0511/PMI-TGN_Bowers_PH-MISC/GAS-TG114435-xx-CL-USA-2018-081-JB_S133_L001_R2_001.fastq.gz	90.22%
GAS-TG114439-xx-CL-USA-2018-081-JB	2018-03-14	/scratch/TGenNextGen/TGN-MiSeq0511/PMI-TGN_Bowers_PH-MISC/	/scratch/TGenNextGen/TGN-MiSeq0511/PMI-TGN_Bowers_PH-MISC/GAS-TG114439-xx-CL-USA-2018-081-JB_S134_L001_R1_001.fastq.gz	/scratch/TGenNextGen/TGN-MiSeq0511/PMI-TGN_Bowers_PH-MISC/GAS-TG114439-xx-CL-USA-2018-081-JB_S134_L001_R2_001.fastq.gz	90.19%
GAS-TG114447-xx-CL-USA-2018-081-JB	2018-03-14	/scratch/TGenNextGen/TGN-MiSeq0511/PMI-TGN_Bowers_PH-MISC/	/scratch/TGenNextGen/TGN-MiSeq0511/PMI-TGN_Bowers_PH-MISC/GAS-TG114447-xx-CL-USA-2018-081-JB_S135_L001_R1_001.fastq.gz	/scratch/TGenNextGen/TGN-MiSeq0511/PMI-TGN_Bowers_PH-MISC/GAS-TG114447-xx-CL-USA-2018-081-JB_S135_L001_R2_001.fastq.gz	89.91%
GAS-TG114455-xx-CL-USA-2018-081-JB	2018-03-14	/scratch/TGenNextGen/TGN-MiSeq0511/PMI-TGN_Bowers_PH-MISC/	/scratch/TGenNextGen/TGN-MiSeq0511/PMI-TGN_Bowers_PH-MISC/GAS-TG114455-xx-CL-USA-2018-081-JB_S136_L001_R1_001.fastq.gz	/scratch/TGenNextGen/TGN-MiSeq0511/PMI-TGN_Bowers_PH-MISC/GAS-TG114455-xx-CL-USA-2018-081-JB_S136_L001_R2_001.fastq.gz	90.21%
GAS-TG114459-xx-CL-USA-2018-081-JB	2018-03-14	/scratch/TGenNextGen/TGN-MiSeq0511/PMI-TGN_Bowers_PH-MISC/	/scratch/TGenNextGen/TGN-MiSeq0511/PMI-TGN_Bowers_PH-MISC/GAS-TG114459-xx-CL-USA-2018-081-JB_S137_L001_R1_001.fastq.gz	/scratch/TGenNextGen/TGN-MiSeq0511/PMI-TGN_Bowers_PH-MISC/GAS-TG114459-xx-CL-USA-2018-081-JB_S137_L001_R2_001.fastq.gz	98.70%
GAS-TG114463-xx-CL-USA-2018-081-JB	2018-03-14	/scratch/TGenNextGen/TGN-MiSeq0511/PMI-TGN_Bowers_PH-MISC/	/scratch/TGenNextGen/TGN-MiSeq0511/PMI-TGN_Bowers_PH-MISC/GAS-TG114463-xx-CL-USA-2018-081-JB_S138_L001_R1_001.fastq.gz	/scratch/TGenNextGen/TGN-MiSeq0511/PMI-TGN_Bowers_PH-MISC/GAS-TG114463-xx-CL-USA-2018-081-JB_S138_L001_R2_001.fastq.gz	92.28%
GAS-TG114467-xx-CL-USA-2018-081-JB	2018-03-14	/scratch/TGenNextGen/TGN-MiSeq0511/PMI-TGN_Bowers_PH-MISC/	/scratch/TGenNextGen/TGN-MiSeq0511/PMI-TGN_Bowers_PH-MISC/GAS-TG114467-xx-CL-USA-2018-081-JB_S139_L001_R1_001.fastq.gz	/scratch/TGenNextGen/TGN-MiSeq0511/PMI-TGN_Bowers_PH-MISC/GAS-TG114467-xx-CL-USA-2018-081-JB_S139_L001_R2_001.fastq.gz	98.70%
GAS-TG114471-xx-CL-USA-2018-081-JB	2018-03-14	/scratch/TGenNextGen/TGN-MiSeq0511/PMI-TGN_Bowers_PH-MISC/	/scratch/TGenNextGen/TGN-MiSeq0511/PMI-TGN_Bowers_PH-MISC/GAS-TG114471-xx-CL-USA-2018-081-JB_S140_L001_R1_001.fastq.gz	/scratch/TGenNextGen/TGN-MiSeq0511/PMI-TGN_Bowers_PH-MISC/GAS-TG114471-xx-CL-USA-2018-081-JB_S140_L001_R2_001.fastq.gz	89.13%
GAS-TG114475-xx-CL-USA-2018-081-JB	2018-03-14	/scratch/TGenNextGen/TGN-MiSeq0511/PMI-TGN_Bowers_PH-MISC/	/scratch/TGenNextGen/TGN-MiSeq0511/PMI-TGN_Bowers_PH-MISC/GAS-TG114475-xx-CL-USA-2018-081-JB_S141_L001_R1_001.fastq.gz	/scratch/TGenNextGen/TGN-MiSeq0511/PMI-TGN_Bowers_PH-MISC/GAS-TG114475-xx-CL-USA-2018-081-JB_S141_L001_R2_001.fastq.gz	91.92%
GAS-TG114479-xx-CL-USA-2018-081-JB	2018-03-14	/scratch/TGenNextGen/TGN-MiSeq0511/PMI-TGN_Bowers_PH-MISC/	/scratch/TGenNextGen/TGN-MiSeq0511/PMI-TGN_Bowers_PH-MISC/GAS-TG114479-xx-CL-USA-2018-081-JB_S142_L001_R1_001.fastq.gz	/scratch/TGenNextGen/TGN-MiSeq0511/PMI-TGN_Bowers_PH-MISC/GAS-TG114479-xx-CL-USA-2018-081-JB_S142_L001_R2_001.fastq.gz	98.70%
GAS-TG114483-xx-CL-USA-2018-081-JB	2018-03-14	/scratch/TGenNextGen/TGN-MiSeq0511/PMI-TGN_Bowers_PH-MISC/	/scratch/TGenNextGen/TGN-MiSeq0511/PMI-TGN_Bowers_PH-MISC/GAS-TG114483-xx-CL-USA-2018-081-JB_S143_L001_R1_001.fastq.gz	/scratch/TGenNextGen/TGN-MiSeq0511/PMI-TGN_Bowers_PH-MISC/GAS-TG114483-xx-CL-USA-2018-081-JB_S143_L001_R2_001.fastq.gz	92.24%
GAS-TG132840-095	2019-01-25	/scratch/TGenNextGen/TGN-MiniSeq0024/PMI-TGN_Bowers_PH-GAS/	/scratch/TGenNextGen/TGN-MiniSeq0024/PMI-TGN_Bowers_PH-GAS/GAS-TG132840-095_S1_L001_R1_001.fastq.gz	/scratch/TGenNextGen/TGN-MiniSeq0024/PMI-TGN_Bowers_PH-GAS/GAS-TG132840-095_S1_L001_R2_001.fastq.gz	92.41%
GAS-TG132844-095	2019-01-25	/scratch/TGenNextGen/TGN-MiniSeq0024/PMI-TGN_Bowers_PH-GAS/	/scratch/TGenNextGen/TGN-MiniSeq0024/PMI-TGN_Bowers_PH-GAS/GAS-TG132844-095_S2_L001_R1_001.fastq.gz	/scratch/TGenNextGen/TGN-MiniSeq0024/PMI-TGN_Bowers_PH-GAS/GAS-TG132844-095_S2_L001_R2_001.fastq.gz	89.99%
GAS-TG132852-095	2019-01-25	/scratch/TGenNextGen/TGN-MiniSeq0024/PMI-TGN_Bowers_PH-GAS/	/scratch/TGenNextGen/TGN-MiniSeq0024/PMI-TGN_Bowers_PH-GAS/GAS-TG132852-095_S3_L001_R1_001.fastq.gz	/scratch/TGenNextGen/TGN-MiniSeq0024/PMI-TGN_Bowers_PH-GAS/GAS-TG132852-095_S3_L001_R2_001.fastq.gz	91.91%
GAS-TG132860-095	2019-01-25	/scratch/TGenNextGen/TGN-MiniSeq0024/PMI-TGN_Bowers_PH-GAS/	/scratch/TGenNextGen/TGN-MiniSeq0024/PMI-TGN_Bowers_PH-GAS/GAS-TG132860-095_S4_L001_R1_001.fastq.gz	/scratch/TGenNextGen/TGN-MiniSeq0024/PMI-TGN_Bowers_PH-GAS/GAS-TG132860-095_S4_L001_R2_001.fastq.gz	90.39%
GAS-TG132864-095	2019-01-25	/scratch/TGenNextGen/TGN-MiniSeq0024/PMI-TGN_Bowers_PH-GAS/	/scratch/TGenNextGen/TGN-MiniSeq0024/PMI-TGN_Bowers_PH-GAS/GAS-TG132864-095_S5_L001_R1_001.fastq.gz	/scratch/TGenNextGen/TGN-MiniSeq0024/PMI-TGN_Bowers_PH-GAS/GAS-TG132864-095_S5_L001_R2_001.fastq.gz	49.68%
GAS-TG132868-095	2019-01-25	/scratch/TGenNextGen/TGN-MiniSeq0024/PMI-TGN_Bowers_PH-GAS/	/scratch/TGenNextGen/TGN-MiniSeq0024/PMI-TGN_Bowers_PH-GAS/GAS-TG132868-095_S6_L001_R1_001.fastq.gz	/scratch/TGenNextGen/TGN-MiniSeq0024/PMI-TGN_Bowers_PH-GAS/GAS-TG132868-095_S6_L001_R2_001.fastq.gz	91.40%
GAS-TG132872-095	2019-01-25	/scratch/TGenNextGen/TGN-MiniSeq0024/PMI-TGN_Bowers_PH-GAS/	/scratch/TGenNextGen/TGN-MiniSeq0024/PMI-TGN_Bowers_PH-GAS/GAS-TG132872-095_S7_L001_R1_001.fastq.gz	/scratch/TGenNextGen/TGN-MiniSeq0024/PMI-TGN_Bowers_PH-GAS/GAS-TG132872-095_S7_L001_R2_001.fastq.gz	91.43%
GAS-TG132876-095	2019-01-25	/scratch/TGenNextGen/TGN-MiniSeq0024/PMI-TGN_Bowers_PH-GAS/	/scratch/TGenNextGen/TGN-MiniSeq0024/PMI-TGN_Bowers_PH-GAS/GAS-TG132876-095_S8_L001_R1_001.fastq.gz	/scratch/TGenNextGen/TGN-MiniSeq0024/PMI-TGN_Bowers_PH-GAS/GAS-TG132876-095_S8_L001_R2_001.fastq.gz	91.70%
GAS-TG132880-095	2019-01-25	/scratch/TGenNextGen/TGN-MiniSeq0024/PMI-TGN_Bowers_PH-GAS/	/scratch/TGenNextGen/TGN-MiniSeq0024/PMI-TGN_Bowers_PH-GAS/GAS-TG132880-095_S9_L001_R1_001.fastq.gz	/scratch/TGenNextGen/TGN-MiniSeq0024/PMI-TGN_Bowers_PH-GAS/GAS-TG132880-095_S9_L001_R2_001.fastq.gz	91.79%
GAS-TG132884-095	2019-01-25	/scratch/TGenNextGen/TGN-MiniSeq0024/PMI-TGN_Bowers_PH-GAS/	/scratch/TGenNextGen/TGN-MiniSeq0024/PMI-TGN_Bowers_PH-GAS/GAS-TG132884-095_S10_L001_R1_001.fastq.gz	/scratch/TGenNextGen/TGN-MiniSeq0024/PMI-TGN_Bowers_PH-GAS/GAS-TG132884-095_S10_L001_R2_001.fastq.gz	92.10%
GAS-TG132888-095	2019-01-25	/scratch/TGenNextGen/TGN-MiniSeq0024/PMI-TGN_Bowers_PH-GAS/	/scratch/TGenNextGen/TGN-MiniSeq0024/PMI-TGN_Bowers_PH-GAS/GAS-TG132888-095_S11_L001_R1_001.fastq.gz	/scratch/TGenNextGen/TGN-MiniSeq0024/PMI-TGN_Bowers_PH-GAS/GAS-TG132888-095_S11_L001_R2_001.fastq.gz	89.85%
GAS-TG132892-095	2019-01-25	/scratch/TGenNextGen/TGN-MiniSeq0024/PMI-TGN_Bowers_PH-GAS/	/scratch/TGenNextGen/TGN-MiniSeq0024/PMI-TGN_Bowers_PH-GAS/GAS-TG132892-095_S12_L001_R1_001.fastq.gz	/scratch/TGenNextGen/TGN-MiniSeq0024/PMI-TGN_Bowers_PH-GAS/GAS-TG132892-095_S12_L001_R2_001.fastq.gz	4.12%
GAS-TG132896-095	2019-01-25	/scratch/TGenNextGen/TGN-MiniSeq0024/PMI-TGN_Bowers_PH-GAS/	/scratch/TGenNextGen/TGN-MiniSeq0024/PMI-TGN_Bowers_PH-GAS/GAS-TG132896-095_S13_L001_R1_001.fastq.gz	/scratch/TGenNextGen/TGN-MiniSeq0024/PMI-TGN_Bowers_PH-GAS/GAS-TG132896-095_S13_L001_R2_001.fastq.gz	5.53%
GAS-TG132900-095	2019-01-25	/scratch/TGenNextGen/TGN-MiniSeq0024/PMI-TGN_Bowers_PH-GAS/	/scratch/TGenNextGen/TGN-MiniSeq0024/PMI-TGN_Bowers_PH-GAS/GAS-TG132900-095_S14_L001_R1_001.fastq.gz	/scratch/TGenNextGen/TGN-MiniSeq0024/PMI-TGN_Bowers_PH-GAS/GAS-TG132900-095_S14_L001_R2_001.fastq.gz	5.02%
GAS-TG132904-095	2019-01-25	/scratch/TGenNextGen/TGN-MiniSeq0024/PMI-TGN_Bowers_PH-GAS/	/scratch/TGenNextGen/TGN-MiniSeq0024/PMI-TGN_Bowers_PH-GAS/GAS-TG132904-095_S15_L001_R1_001.fastq.gz	/scratch/TGenNextGen/TGN-MiniSeq0024/PMI-TGN_Bowers_PH-GAS/GAS-TG132904-095_S15_L001_R2_001.fastq.gz	91.90%
GAS-TG132908-095	2019-01-25	/scratch/TGenNextGen/TGN-MiniSeq0024/PMI-TGN_Bowers_PH-GAS/	/scratch/TGenNextGen/TGN-MiniSeq0024/PMI-TGN_Bowers_PH-GAS/GAS-TG132908-095_S16_L001_R1_001.fastq.gz	/scratch/TGenNextGen/TGN-MiniSeq0024/PMI-TGN_Bowers_PH-GAS/GAS-TG132908-095_S16_L001_R2_001.fastq.gz	91.31%
GAS-TG132912-095	2019-01-25	/scratch/TGenNextGen/TGN-MiniSeq0024/PMI-TGN_Bowers_PH-GAS/	/scratch/TGenNextGen/TGN-MiniSeq0024/PMI-TGN_Bowers_PH-GAS/GAS-TG132912-095_S17_L001_R1_001.fastq.gz	/scratch/TGenNextGen/TGN-MiniSeq0024/PMI-TGN_Bowers_PH-GAS/GAS-TG132912-095_S17_L001_R2_001.fastq.gz	92.55%
GAS-TG132916-095	2019-01-25	/scratch/TGenNextGen/TGN-MiniSeq0024/PMI-TGN_Bowers_PH-GAS/	/scratch/TGenNextGen/TGN-MiniSeq0024/PMI-TGN_Bowers_PH-GAS/GAS-TG132916-095_S18_L001_R1_001.fastq.gz	/scratch/TGenNextGen/TGN-MiniSeq0024/PMI-TGN_Bowers_PH-GAS/GAS-TG132916-095_S18_L001_R2_001.fastq.gz	89.96%
GAS-TG132920-095	2019-01-25	/scratch/TGenNextGen/TGN-MiniSeq0024/PMI-TGN_Bowers_PH-GAS/	/scratch/TGenNextGen/TGN-MiniSeq0024/PMI-TGN_Bowers_PH-GAS/GAS-TG132920-095_S19_L001_R1_001.fastq.gz	/scratch/TGenNextGen/TGN-MiniSeq0024/PMI-TGN_Bowers_PH-GAS/GAS-TG132920-095_S19_L001_R2_001.fastq.gz	92.16%
GAS-TG132924-095	2019-01-25	/scratch/TGenNextGen/TGN-MiniSeq0024/PMI-TGN_Bowers_PH-GAS/	/scratch/TGenNextGen/TGN-MiniSeq0024/PMI-TGN_Bowers_PH-GAS/GAS-TG132924-095_S20_L001_R1_001.fastq.gz	/scratch/TGenNextGen/TGN-MiniSeq0024/PMI-TGN_Bowers_PH-GAS/GAS-TG132924-095_S20_L001_R2_001.fastq.gz	90.32%
GAS-TG132928-095	2019-01-25	/scratch/TGenNextGen/TGN-MiniSeq0024/PMI-TGN_Bowers_PH-GAS/	/scratch/TGenNextGen/TGN-MiniSeq0024/PMI-TGN_Bowers_PH-GAS/GAS-TG132928-095_S21_L001_R1_001.fastq.gz	/scratch/TGenNextGen/TGN-MiniSeq0024/PMI-TGN_Bowers_PH-GAS/GAS-TG132928-095_S21_L001_R2_001.fastq.gz	0.22%
GAS-TG132932-095	2019-01-25	/scratch/TGenNextGen/TGN-MiniSeq0024/PMI-TGN_Bowers_PH-GAS/	/scratch/TGenNextGen/TGN-MiniSeq0024/PMI-TGN_Bowers_PH-GAS/GAS-TG132932-095_S22_L001_R1_001.fastq.gz	/scratch/TGenNextGen/TGN-MiniSeq0024/PMI-TGN_Bowers_PH-GAS/GAS-TG132932-095_S22_L001_R2_001.fastq.gz	91.35%
GAS-TG132936-095	2019-01-25	/scratch/TGenNextGen/TGN-MiniSeq0024/PMI-TGN_Bowers_PH-GAS/	/scratch/TGenNextGen/TGN-MiniSeq0024/PMI-TGN_Bowers_PH-GAS/GAS-TG132936-095_S23_L001_R1_001.fastq.gz	/scratch/TGenNextGen/TGN-MiniSeq0024/PMI-TGN_Bowers_PH-GAS/GAS-TG132936-095_S23_L001_R2_001.fastq.gz	4.82%
GAS-TG132940-095	2019-01-25	/scratch/TGenNextGen/TGN-MiniSeq0024/PMI-TGN_Bowers_PH-GAS/	/scratch/TGenNextGen/TGN-MiniSeq0024/PMI-TGN_Bowers_PH-GAS/GAS-TG132940-095_S24_L001_R1_001.fastq.gz	/scratch/TGenNextGen/TGN-MiniSeq0024/PMI-TGN_Bowers_PH-GAS/GAS-TG132940-095_S24_L001_R2_001.fastq.gz	91.74%
GAS-TG132944-095	2019-01-25	/scratch/TGenNextGen/TGN-MiniSeq0024/PMI-TGN_Bowers_PH-GAS/	/scratch/TGenNextGen/TGN-MiniSeq0024/PMI-TGN_Bowers_PH-GAS/GAS-TG132944-095_S25_L001_R1_001.fastq.gz	/scratch/TGenNextGen/TGN-MiniSeq0024/PMI-TGN_Bowers_PH-GAS/GAS-TG132944-095_S25_L001_R2_001.fastq.gz	91.95%
GAS-TG132948-095	2019-01-25	/scratch/TGenNextGen/TGN-MiniSeq0024/PMI-TGN_Bowers_PH-GAS/	/scratch/TGenNextGen/TGN-MiniSeq0024/PMI-TGN_Bowers_PH-GAS/GAS-TG132948-095_S26_L001_R1_001.fastq.gz	/scratch/TGenNextGen/TGN-MiniSeq0024/PMI-TGN_Bowers_PH-GAS/GAS-TG132948-095_S26_L001_R2_001.fastq.gz	0.46%
GAS-TG132952-095	2019-01-25	/scratch/TGenNextGen/TGN-MiniSeq0024/PMI-TGN_Bowers_PH-GAS/	/scratch/TGenNextGen/TGN-MiniSeq0024/PMI-TGN_Bowers_PH-GAS/GAS-TG132952-095_S27_L001_R1_001.fastq.gz	/scratch/TGenNextGen/TGN-MiniSeq0024/PMI-TGN_Bowers_PH-GAS/GAS-TG132952-095_S27_L001_R2_001.fastq.gz	0.47%
GAS-TG132956-095	2019-01-25	/scratch/TGenNextGen/TGN-MiniSeq0024/PMI-TGN_Bowers_PH-GAS/	/scratch/TGenNextGen/TGN-MiniSeq0024/PMI-TGN_Bowers_PH-GAS/GAS-TG132956-095_S28_L001_R1_001.fastq.gz	/scratch/TGenNextGen/TGN-MiniSeq0024/PMI-TGN_Bowers_PH-GAS/GAS-TG132956-095_S28_L001_R2_001.fastq.gz	5.85%
GAS-TG132960-095	2019-01-25	/scratch/TGenNextGen/TGN-MiniSeq0024/PMI-TGN_Bowers_PH-GAS/	/scratch/TGenNextGen/TGN-MiniSeq0024/PMI-TGN_Bowers_PH-GAS/GAS-TG132960-095_S29_L001_R1_001.fastq.gz	/scratch/TGenNextGen/TGN-MiniSeq0024/PMI-TGN_Bowers_PH-GAS/GAS-TG132960-095_S29_L001_R2_001.fastq.gz	0.39%
GAS-TG132964-095	2019-01-25	/scratch/TGenNextGen/TGN-MiniSeq0024/PMI-TGN_Bowers_PH-GAS/	/scratch/TGenNextGen/TGN-MiniSeq0024/PMI-TGN_Bowers_PH-GAS/GAS-TG132964-095_S30_L001_R1_001.fastq.gz	/scratch/TGenNextGen/TGN-MiniSeq0024/PMI-TGN_Bowers_PH-GAS/GAS-TG132964-095_S30_L001_R2_001.fastq.gz	92.46%
GAS-TG132968-095	2019-01-25	/scratch/TGenNextGen/TGN-MiniSeq0024/PMI-TGN_Bowers_PH-GAS/	/scratch/TGenNextGen/TGN-MiniSeq0024/PMI-TGN_Bowers_PH-GAS/GAS-TG132968-095_S31_L001_R1_001.fastq.gz	/scratch/TGenNextGen/TGN-MiniSeq0024/PMI-TGN_Bowers_PH-GAS/GAS-TG132968-095_S31_L001_R2_001.fastq.gz	93.18%
GAS-TG132972-095	2019-01-25	/scratch/TGenNextGen/TGN-MiniSeq0024/PMI-TGN_Bowers_PH-GAS/	/scratch/TGenNextGen/TGN-MiniSeq0024/PMI-TGN_Bowers_PH-GAS/GAS-TG132972-095_S32_L001_R1_001.fastq.gz	/scratch/TGenNextGen/TGN-MiniSeq0024/PMI-TGN_Bowers_PH-GAS/GAS-TG132972-095_S32_L001_R2_001.fastq.gz	92.33%
GAS-TG132976-095	2019-01-25	/scratch/TGenNextGen/TGN-MiniSeq0024/PMI-TGN_Bowers_PH-GAS/	/scratch/TGenNextGen/TGN-MiniSeq0024/PMI-TGN_Bowers_PH-GAS/GAS-TG132976-095_S33_L001_R1_001.fastq.gz	/scratch/TGenNextGen/TGN-MiniSeq0024/PMI-TGN_Bowers_PH-GAS/GAS-TG132976-095_S33_L001_R2_001.fastq.gz	5.05%
GAS-TG132980-095	2019-01-25	/scratch/TGenNextGen/TGN-MiniSeq0024/PMI-TGN_Bowers_PH-GAS/	/scratch/TGenNextGen/TGN-MiniSeq0024/PMI-TGN_Bowers_PH-GAS/GAS-TG132980-095_S34_L001_R1_001.fastq.gz	/scratch/TGenNextGen/TGN-MiniSeq0024/PMI-TGN_Bowers_PH-GAS/GAS-TG132980-095_S34_L001_R2_001.fastq.gz	5.03%
GAS-TG132984-095	2019-01-25	/scratch/TGenNextGen/TGN-MiniSeq0024/PMI-TGN_Bowers_PH-GAS/	/scratch/TGenNextGen/TGN-MiniSeq0024/PMI-TGN_Bowers_PH-GAS/GAS-TG132984-095_S35_L001_R1_001.fastq.gz	/scratch/TGenNextGen/TGN-MiniSeq0024/PMI-TGN_Bowers_PH-GAS/GAS-TG132984-095_S35_L001_R2_001.fastq.gz	5.56%
GAS-TG132988-095	2019-01-25	/scratch/TGenNextGen/TGN-MiniSeq0024/PMI-TGN_Bowers_PH-GAS/	/scratch/TGenNextGen/TGN-MiniSeq0024/PMI-TGN_Bowers_PH-GAS/GAS-TG132988-095_S36_L001_R1_001.fastq.gz	/scratch/TGenNextGen/TGN-MiniSeq0024/PMI-TGN_Bowers_PH-GAS/GAS-TG132988-095_S36_L001_R2_001.fastq.gz	91.44%
GAS-TG132992-095	2019-01-25	/scratch/TGenNextGen/TGN-MiniSeq0024/PMI-TGN_Bowers_PH-GAS/	/scratch/TGenNextGen/TGN-MiniSeq0024/PMI-TGN_Bowers_PH-GAS/GAS-TG132992-095_S37_L001_R1_001.fastq.gz	/scratch/TGenNextGen/TGN-MiniSeq0024/PMI-TGN_Bowers_PH-GAS/GAS-TG132992-095_S37_L001_R2_001.fastq.gz	5.01%
GAS-TG132996-095	2019-01-25	/scratch/TGenNextGen/TGN-MiniSeq0024/PMI-TGN_Bowers_PH-GAS/	/scratch/TGenNextGen/TGN-MiniSeq0024/PMI-TGN_Bowers_PH-GAS/GAS-TG132996-095_S38_L001_R1_001.fastq.gz	/scratch/TGenNextGen/TGN-MiniSeq0024/PMI-TGN_Bowers_PH-GAS/GAS-TG132996-095_S38_L001_R2_001.fastq.gz	91.76%
GAS-TG133000-095	2019-01-25	/scratch/TGenNextGen/TGN-MiniSeq0024/PMI-TGN_Bowers_PH-GAS/	/scratch/TGenNextGen/TGN-MiniSeq0024/PMI-TGN_Bowers_PH-GAS/GAS-TG133000-095_S39_L001_R1_001.fastq.gz	/scratch/TGenNextGen/TGN-MiniSeq0024/PMI-TGN_Bowers_PH-GAS/GAS-TG133000-095_S39_L001_R2_001.fastq.gz	4.74%
GAS-TG133004-095	2019-01-25	/scratch/TGenNextGen/TGN-MiniSeq0024/PMI-TGN_Bowers_PH-GAS/	/scratch/TGenNextGen/TGN-MiniSeq0024/PMI-TGN_Bowers_PH-GAS/GAS-TG133004-095_S40_L001_R1_001.fastq.gz	/scratch/TGenNextGen/TGN-MiniSeq0024/PMI-TGN_Bowers_PH-GAS/GAS-TG133004-095_S40_L001_R2_001.fastq.gz	0.47%
GAS-TG133008-095	2019-01-25	/scratch/TGenNextGen/TGN-MiniSeq0024/PMI-TGN_Bowers_PH-GAS/	/scratch/TGenNextGen/TGN-MiniSeq0024/PMI-TGN_Bowers_PH-GAS/GAS-TG133008-095_S41_L001_R1_001.fastq.gz	/scratch/TGenNextGen/TGN-MiniSeq0024/PMI-TGN_Bowers_PH-GAS/GAS-TG133008-095_S41_L001_R2_001.fastq.gz	4.94%
GAS-TG133012-095	2019-01-25	/scratch/TGenNextGen/TGN-MiniSeq0024/PMI-TGN_Bowers_PH-GAS/	/scratch/TGenNextGen/TGN-MiniSeq0024/PMI-TGN_Bowers_PH-GAS/GAS-TG133012-095_S42_L001_R1_001.fastq.gz	/scratch/TGenNextGen/TGN-MiniSeq0024/PMI-TGN_Bowers_PH-GAS/GAS-TG133012-095_S42_L001_R2_001.fastq.gz	0.44%
GAS-TG133016-095	2019-01-25	/scratch/TGenNextGen/TGN-MiniSeq0024/PMI-TGN_Bowers_PH-GAS/	/scratch/TGenNextGen/TGN-MiniSeq0024/PMI-TGN_Bowers_PH-GAS/GAS-TG133016-095_S43_L001_R1_001.fastq.gz	/scratch/TGenNextGen/TGN-MiniSeq0024/PMI-TGN_Bowers_PH-GAS/GAS-TG133016-095_S43_L001_R2_001.fastq.gz	94.05%
GAS-TG133020-095	2019-01-25	/scratch/TGenNextGen/TGN-MiniSeq0024/PMI-TGN_Bowers_PH-GAS/	/scratch/TGenNextGen/TGN-MiniSeq0024/PMI-TGN_Bowers_PH-GAS/GAS-TG133020-095_S44_L001_R1_001.fastq.gz	/scratch/TGenNextGen/TGN-MiniSeq0024/PMI-TGN_Bowers_PH-GAS/GAS-TG133020-095_S44_L001_R2_001.fastq.gz	90.60%
GAS-TG133024-095	2019-01-25	/scratch/TGenNextGen/TGN-MiniSeq0024/PMI-TGN_Bowers_PH-GAS/	/scratch/TGenNextGen/TGN-MiniSeq0024/PMI-TGN_Bowers_PH-GAS/GAS-TG133024-095_S45_L001_R1_001.fastq.gz	/scratch/TGenNextGen/TGN-MiniSeq0024/PMI-TGN_Bowers_PH-GAS/GAS-TG133024-095_S45_L001_R2_001.fastq.gz	93.94%
GAS-TG133028-095	2019-01-25	/scratch/TGenNextGen/TGN-MiniSeq0024/PMI-TGN_Bowers_PH-GAS/	/scratch/TGenNextGen/TGN-MiniSeq0024/PMI-TGN_Bowers_PH-GAS/GAS-TG133028-095_S46_L001_R1_001.fastq.gz	/scratch/TGenNextGen/TGN-MiniSeq0024/PMI-TGN_Bowers_PH-GAS/GAS-TG133028-095_S46_L001_R2_001.fastq.gz	91.42%
GAS-TG133032-095	2019-01-25	/scratch/TGenNextGen/TGN-MiniSeq0024/PMI-TGN_Bowers_PH-GAS/	/scratch/TGenNextGen/TGN-MiniSeq0024/PMI-TGN_Bowers_PH-GAS/GAS-TG133032-095_S47_L001_R1_001.fastq.gz	/scratch/TGenNextGen/TGN-MiniSeq0024/PMI-TGN_Bowers_PH-GAS/GAS-TG133032-095_S47_L001_R2_001.fastq.gz	5.05%
GAS-TG133036-095	2019-01-25	/scratch/TGenNextGen/TGN-MiniSeq0024/PMI-TGN_Bowers_PH-GAS/	/scratch/TGenNextGen/TGN-MiniSeq0024/PMI-TGN_Bowers_PH-GAS/GAS-TG133036-095_S48_L001_R1_001.fastq.gz	/scratch/TGenNextGen/TGN-MiniSeq0024/PMI-TGN_Bowers_PH-GAS/GAS-TG133036-095_S48_L001_R2_001.fastq.gz	92.18%
GAS-TG133040-095	2019-01-25	/scratch/TGenNextGen/TGN-MiniSeq0024/PMI-TGN_Bowers_PH-GAS/	/scratch/TGenNextGen/TGN-MiniSeq0024/PMI-TGN_Bowers_PH-GAS/GAS-TG133040-095_S49_L001_R1_001.fastq.gz	/scratch/TGenNextGen/TGN-MiniSeq0024/PMI-TGN_Bowers_PH-GAS/GAS-TG133040-095_S49_L001_R2_001.fastq.gz	91.50%
GAS-TG133044-095	2019-01-25	/scratch/TGenNextGen/TGN-MiniSeq0024/PMI-TGN_Bowers_PH-GAS/	/scratch/TGenNextGen/TGN-MiniSeq0024/PMI-TGN_Bowers_PH-GAS/GAS-TG133044-095_S50_L001_R1_001.fastq.gz	/scratch/TGenNextGen/TGN-MiniSeq0024/PMI-TGN_Bowers_PH-GAS/GAS-TG133044-095_S50_L001_R2_001.fastq.gz	53.78%
GAS-TG133048-095	2019-01-25	/scratch/TGenNextGen/TGN-MiniSeq0024/PMI-TGN_Bowers_PH-GAS/	/scratch/TGenNextGen/TGN-MiniSeq0024/PMI-TGN_Bowers_PH-GAS/GAS-TG133048-095_S51_L001_R1_001.fastq.gz	/scratch/TGenNextGen/TGN-MiniSeq0024/PMI-TGN_Bowers_PH-GAS/GAS-TG133048-095_S51_L001_R2_001.fastq.gz	5.23%
GAS-TG133052-095	2019-01-25	/scratch/TGenNextGen/TGN-MiniSeq0024/PMI-TGN_Bowers_PH-GAS/	/scratch/TGenNextGen/TGN-MiniSeq0024/PMI-TGN_Bowers_PH-GAS/GAS-TG133052-095_S52_L001_R1_001.fastq.gz	/scratch/TGenNextGen/TGN-MiniSeq0024/PMI-TGN_Bowers_PH-GAS/GAS-TG133052-095_S52_L001_R2_001.fastq.gz	92.36%
GAS-TG133056-095	2019-01-25	/scratch/TGenNextGen/TGN-MiniSeq0024/PMI-TGN_Bowers_PH-GAS/	/scratch/TGenNextGen/TGN-MiniSeq0024/PMI-TGN_Bowers_PH-GAS/GAS-TG133056-095_S53_L001_R1_001.fastq.gz	/scratch/TGenNextGen/TGN-MiniSeq0024/PMI-TGN_Bowers_PH-GAS/GAS-TG133056-095_S53_L001_R2_001.fastq.gz	90.29%
GAS-TG133060-095	2019-01-25	/scratch/TGenNextGen/TGN-MiniSeq0024/PMI-TGN_Bowers_PH-GAS/	/scratch/TGenNextGen/TGN-MiniSeq0024/PMI-TGN_Bowers_PH-GAS/GAS-TG133060-095_S54_L001_R1_001.fastq.gz	/scratch/TGenNextGen/TGN-MiniSeq0024/PMI-TGN_Bowers_PH-GAS/GAS-TG133060-095_S54_L001_R2_001.fastq.gz	92.56%
GAS-TG133064-095	2019-01-25	/scratch/TGenNextGen/TGN-MiniSeq0024/PMI-TGN_Bowers_PH-GAS/	/scratch/TGenNextGen/TGN-MiniSeq0024/PMI-TGN_Bowers_PH-GAS/GAS-TG133064-095_S55_L001_R1_001.fastq.gz	/scratch/TGenNextGen/TGN-MiniSeq0024/PMI-TGN_Bowers_PH-GAS/GAS-TG133064-095_S55_L001_R2_001.fastq.gz	90.00%
GAS-TG133068-095	2019-01-25	/scratch/TGenNextGen/TGN-MiniSeq0024/PMI-TGN_Bowers_PH-GAS/	/scratch/TGenNextGen/TGN-MiniSeq0024/PMI-TGN_Bowers_PH-GAS/GAS-TG133068-095_S56_L001_R1_001.fastq.gz	/scratch/TGenNextGen/TGN-MiniSeq0024/PMI-TGN_Bowers_PH-GAS/GAS-TG133068-095_S56_L001_R2_001.fastq.gz	52.80%
GAS-TG133072-095	2019-01-25	/scratch/TGenNextGen/TGN-MiniSeq0024/PMI-TGN_Bowers_PH-GAS/	/scratch/TGenNextGen/TGN-MiniSeq0024/PMI-TGN_Bowers_PH-GAS/GAS-TG133072-095_S57_L001_R1_001.fastq.gz	/scratch/TGenNextGen/TGN-MiniSeq0024/PMI-TGN_Bowers_PH-GAS/GAS-TG133072-095_S57_L001_R2_001.fastq.gz	88.54%
GAS-TG133076-095	2019-01-25	/scratch/TGenNextGen/TGN-MiniSeq0024/PMI-TGN_Bowers_PH-GAS/	/scratch/TGenNextGen/TGN-MiniSeq0024/PMI-TGN_Bowers_PH-GAS/GAS-TG133076-095_S58_L001_R1_001.fastq.gz	/scratch/TGenNextGen/TGN-MiniSeq0024/PMI-TGN_Bowers_PH-GAS/GAS-TG133076-095_S58_L001_R2_001.fastq.gz	91.74%
GAS-TG133080-095	2019-01-25	/scratch/TGenNextGen/TGN-MiniSeq0024/PMI-TGN_Bowers_PH-GAS/	/scratch/TGenNextGen/TGN-MiniSeq0024/PMI-TGN_Bowers_PH-GAS/GAS-TG133080-095_S59_L001_R1_001.fastq.gz	/scratch/TGenNextGen/TGN-MiniSeq0024/PMI-TGN_Bowers_PH-GAS/GAS-TG133080-095_S59_L001_R2_001.fastq.gz	93.14%
GAS-TG133084-095	2019-01-25	/scratch/TGenNextGen/TGN-MiniSeq0024/PMI-TGN_Bowers_PH-GAS/	/scratch/TGenNextGen/TGN-MiniSeq0024/PMI-TGN_Bowers_PH-GAS/GAS-TG133084-095_S60_L001_R1_001.fastq.gz	/scratch/TGenNextGen/TGN-MiniSeq0024/PMI-TGN_Bowers_PH-GAS/GAS-TG133084-095_S60_L001_R2_001.fastq.gz	93.90%
GAS-TG133088-095	2019-01-25	/scratch/TGenNextGen/TGN-MiniSeq0024/PMI-TGN_Bowers_PH-GAS/	/scratch/TGenNextGen/TGN-MiniSeq0024/PMI-TGN_Bowers_PH-GAS/GAS-TG133088-095_S61_L001_R1_001.fastq.gz	/scratch/TGenNextGen/TGN-MiniSeq0024/PMI-TGN_Bowers_PH-GAS/GAS-TG133088-095_S61_L001_R2_001.fastq.gz	91.32%
GAS-TG133092-095	2019-01-25	/scratch/TGenNextGen/TGN-MiniSeq0024/PMI-TGN_Bowers_PH-GAS/	/scratch/TGenNextGen/TGN-MiniSeq0024/PMI-TGN_Bowers_PH-GAS/GAS-TG133092-095_S62_L001_R1_001.fastq.gz	/scratch/TGenNextGen/TGN-MiniSeq0024/PMI-TGN_Bowers_PH-GAS/GAS-TG133092-095_S62_L001_R2_001.fastq.gz	91.33%
GAS-TG133096-095	2019-01-25	/scratch/TGenNextGen/TGN-MiniSeq0024/PMI-TGN_Bowers_PH-GAS/	/scratch/TGenNextGen/TGN-MiniSeq0024/PMI-TGN_Bowers_PH-GAS/GAS-TG133096-095_S63_L001_R1_001.fastq.gz	/scratch/TGenNextGen/TGN-MiniSeq0024/PMI-TGN_Bowers_PH-GAS/GAS-TG133096-095_S63_L001_R2_001.fastq.gz	92.44%
GAS-TG133100-095	2019-01-25	/scratch/TGenNextGen/TGN-MiniSeq0024/PMI-TGN_Bowers_PH-GAS/	/scratch/TGenNextGen/TGN-MiniSeq0024/PMI-TGN_Bowers_PH-GAS/GAS-TG133100-095_S64_L001_R1_001.fastq.gz	/scratch/TGenNextGen/TGN-MiniSeq0024/PMI-TGN_Bowers_PH-GAS/GAS-TG133100-095_S64_L001_R2_001.fastq.gz	92.59%
GAS-TG133104-095	2019-01-25	/scratch/TGenNextGen/TGN-MiniSeq0024/PMI-TGN_Bowers_PH-GAS/	/scratch/TGenNextGen/TGN-MiniSeq0024/PMI-TGN_Bowers_PH-GAS/GAS-TG133104-095_S65_L001_R1_001.fastq.gz	/scratch/TGenNextGen/TGN-MiniSeq0024/PMI-TGN_Bowers_PH-GAS/GAS-TG133104-095_S65_L001_R2_001.fastq.gz	91.58%
GAS-TG133108-095	2019-01-25	/scratch/TGenNextGen/TGN-MiniSeq0024/PMI-TGN_Bowers_PH-GAS/	/scratch/TGenNextGen/TGN-MiniSeq0024/PMI-TGN_Bowers_PH-GAS/GAS-TG133108-095_S66_L001_R1_001.fastq.gz	/scratch/TGenNextGen/TGN-MiniSeq0024/PMI-TGN_Bowers_PH-GAS/GAS-TG133108-095_S66_L001_R2_001.fastq.gz	91.63%
GAS-TG133112-095	2019-01-25	/scratch/TGenNextGen/TGN-MiniSeq0024/PMI-TGN_Bowers_PH-GAS/	/scratch/TGenNextGen/TGN-MiniSeq0024/PMI-TGN_Bowers_PH-GAS/GAS-TG133112-095_S67_L001_R1_001.fastq.gz	/scratch/TGenNextGen/TGN-MiniSeq0024/PMI-TGN_Bowers_PH-GAS/GAS-TG133112-095_S67_L001_R2_001.fastq.gz	91.30%
GAS-TG133116-095	2019-01-25	/scratch/TGenNextGen/TGN-MiniSeq0024/PMI-TGN_Bowers_PH-GAS/	/scratch/TGenNextGen/TGN-MiniSeq0024/PMI-TGN_Bowers_PH-GAS/GAS-TG133116-095_S68_L001_R1_001.fastq.gz	/scratch/TGenNextGen/TGN-MiniSeq0024/PMI-TGN_Bowers_PH-GAS/GAS-TG133116-095_S68_L001_R2_001.fastq.gz	98.70%
GAS-TG133120-095	2019-01-25	/scratch/TGenNextGen/TGN-MiniSeq0024/PMI-TGN_Bowers_PH-GAS/	/scratch/TGenNextGen/TGN-MiniSeq0024/PMI-TGN_Bowers_PH-GAS/GAS-TG133120-095_S69_L001_R1_001.fastq.gz	/scratch/TGenNextGen/TGN-MiniSeq0024/PMI-TGN_Bowers_PH-GAS/GAS-TG133120-095_S69_L001_R2_001.fastq.gz	91.37%
GAS-TG133124-095	2019-01-25	/scratch/TGenNextGen/TGN-MiniSeq0024/PMI-TGN_Bowers_PH-GAS/	/scratch/TGenNextGen/TGN-MiniSeq0024/PMI-TGN_Bowers_PH-GAS/GAS-TG133124-095_S70_L001_R1_001.fastq.gz	/scratch/TGenNextGen/TGN-MiniSeq0024/PMI-TGN_Bowers_PH-GAS/GAS-TG133124-095_S70_L001_R2_001.fastq.gz	90.64%
GAS-TG133128-095	2019-01-25	/scratch/TGenNextGen/TGN-MiniSeq0024/PMI-TGN_Bowers_PH-GAS/	/scratch/TGenNextGen/TGN-MiniSeq0024/PMI-TGN_Bowers_PH-GAS/GAS-TG133128-095_S71_L001_R1_001.fastq.gz	/scratch/TGenNextGen/TGN-MiniSeq0024/PMI-TGN_Bowers_PH-GAS/GAS-TG133128-095_S71_L001_R2_001.fastq.gz	92.33%
GAS-TG133132-095	2019-01-25	/scratch/TGenNextGen/TGN-MiniSeq0024/PMI-TGN_Bowers_PH-GAS/	/scratch/TGenNextGen/TGN-MiniSeq0024/PMI-TGN_Bowers_PH-GAS/GAS-TG133132-095_S77_L001_R1_001.fastq.gz	/scratch/TGenNextGen/TGN-MiniSeq0024/PMI-TGN_Bowers_PH-GAS/GAS-TG133132-095_S77_L001_R2_001.fastq.gz	89.86%
GAS-TG133136-095	2019-01-25	/scratch/TGenNextGen/TGN-MiniSeq0024/PMI-TGN_Bowers_PH-GAS/	/scratch/TGenNextGen/TGN-MiniSeq0024/PMI-TGN_Bowers_PH-GAS/GAS-TG133136-095_S72_L001_R1_001.fastq.gz	/scratch/TGenNextGen/TGN-MiniSeq0024/PMI-TGN_Bowers_PH-GAS/GAS-TG133136-095_S72_L001_R2_001.fastq.gz	92.20%
GAS-TG133140-095	2019-01-25	/scratch/TGenNextGen/TGN-MiniSeq0024/PMI-TGN_Bowers_PH-GAS/	/scratch/TGenNextGen/TGN-MiniSeq0024/PMI-TGN_Bowers_PH-GAS/GAS-TG133140-095_S73_L001_R1_001.fastq.gz	/scratch/TGenNextGen/TGN-MiniSeq0024/PMI-TGN_Bowers_PH-GAS/GAS-TG133140-095_S73_L001_R2_001.fastq.gz	93.91%
GAS-TG133144-095	2019-01-25	/scratch/TGenNextGen/TGN-MiniSeq0024/PMI-TGN_Bowers_PH-GAS/	/scratch/TGenNextGen/TGN-MiniSeq0024/PMI-TGN_Bowers_PH-GAS/GAS-TG133144-095_S74_L001_R1_001.fastq.gz	/scratch/TGenNextGen/TGN-MiniSeq0024/PMI-TGN_Bowers_PH-GAS/GAS-TG133144-095_S74_L001_R2_001.fastq.gz	92.52%
GAS-TG133148-095	2019-01-25	/scratch/TGenNextGen/TGN-MiniSeq0024/PMI-TGN_Bowers_PH-GAS/	/scratch/TGenNextGen/TGN-MiniSeq0024/PMI-TGN_Bowers_PH-GAS/GAS-TG133148-095_S75_L001_R1_001.fastq.gz	/scratch/TGenNextGen/TGN-MiniSeq0024/PMI-TGN_Bowers_PH-GAS/GAS-TG133148-095_S75_L001_R2_001.fastq.gz	92.28%
GAS-TG133152-095	2019-01-25	/scratch/TGenNextGen/TGN-MiniSeq0024/PMI-TGN_Bowers_PH-GAS/	/scratch/TGenNextGen/TGN-MiniSeq0024/PMI-TGN_Bowers_PH-GAS/GAS-TG133152-095_S76_L001_R1_001.fastq.gz	/scratch/TGenNextGen/TGN-MiniSeq0024/PMI-TGN_Bowers_PH-GAS/GAS-TG133152-095_S76_L001_R2_001.fastq.gz	91.28%
GAS-TG133156-095	2019-01-25	/scratch/TGenNextGen/TGN-MiniSeq0024/PMI-TGN_Bowers_PH-GAS/	/scratch/TGenNextGen/TGN-MiniSeq0024/PMI-TGN_Bowers_PH-GAS/GAS-TG133156-095_S78_L001_R1_001.fastq.gz	/scratch/TGenNextGen/TGN-MiniSeq0024/PMI-TGN_Bowers_PH-GAS/GAS-TG133156-095_S78_L001_R2_001.fastq.gz	90.71%
GAS-TG133160-095	2019-01-25	/scratch/TGenNextGen/TGN-MiniSeq0024/PMI-TGN_Bowers_PH-GAS/	/scratch/TGenNextGen/TGN-MiniSeq0024/PMI-TGN_Bowers_PH-GAS/GAS-TG133160-095_S79_L001_R1_001.fastq.gz	/scratch/TGenNextGen/TGN-MiniSeq0024/PMI-TGN_Bowers_PH-GAS/GAS-TG133160-095_S79_L001_R2_001.fastq.gz	89.99%
GAS-TG133164-095	2019-01-25	/scratch/TGenNextGen/TGN-MiniSeq0024/PMI-TGN_Bowers_PH-GAS/	/scratch/TGenNextGen/TGN-MiniSeq0024/PMI-TGN_Bowers_PH-GAS/GAS-TG133164-095_S80_L001_R1_001.fastq.gz	/scratch/TGenNextGen/TGN-MiniSeq0024/PMI-TGN_Bowers_PH-GAS/GAS-TG133164-095_S80_L001_R2_001.fastq.gz	91.39%
GAS-TG133168-095	2019-01-25	/scratch/TGenNextGen/TGN-MiniSeq0024/PMI-TGN_Bowers_PH-GAS/	/scratch/TGenNextGen/TGN-MiniSeq0024/PMI-TGN_Bowers_PH-GAS/GAS-TG133168-095_S81_L001_R1_001.fastq.gz	/scratch/TGenNextGen/TGN-MiniSeq0024/PMI-TGN_Bowers_PH-GAS/GAS-TG133168-095_S81_L001_R2_001.fastq.gz	92.32%
GAS-TG133172-095	2019-01-25	/scratch/TGenNextGen/TGN-MiniSeq0024/PMI-TGN_Bowers_PH-GAS/	/scratch/TGenNextGen/TGN-MiniSeq0024/PMI-TGN_Bowers_PH-GAS/GAS-TG133172-095_S82_L001_R1_001.fastq.gz	/scratch/TGenNextGen/TGN-MiniSeq0024/PMI-TGN_Bowers_PH-GAS/GAS-TG133172-095_S82_L001_R2_001.fastq.gz	92.28%
GAS-TG133176-095	2019-01-25	/scratch/TGenNextGen/TGN-MiniSeq0024/PMI-TGN_Bowers_PH-GAS/	/scratch/TGenNextGen/TGN-MiniSeq0024/PMI-TGN_Bowers_PH-GAS/GAS-TG133176-095_S83_L001_R1_001.fastq.gz	/scratch/TGenNextGen/TGN-MiniSeq0024/PMI-TGN_Bowers_PH-GAS/GAS-TG133176-095_S83_L001_R2_001.fastq.gz	0.00%
GAS-TG95161-xx-CL-USA-xxxx-081-JB	2018-02-07	/scratch/TGenNextGen/TGN-MiSeq0493/PMI-TGN_Bowers_PH-MISC/	/scratch/TGenNextGen/TGN-MiSeq0493/PMI-TGN_Bowers_PH-MISC/GAS-TG95161-xx-CL-USA-xxxx-081-JB_S24_L001_R1_001.fastq.gz	/scratch/TGenNextGen/TGN-MiSeq0493/PMI-TGN_Bowers_PH-MISC/GAS-TG95161-xx-CL-USA-xxxx-081-JB_S24_L001_R2_001.fastq.gz	20.73%
GAS-TG98555-xx-CL-USA-xxxx-081-JB	2018-02-07	/scratch/TGenNextGen/TGN-MiSeq0493/PMI-TGN_Bowers_PH-MISC/	/scratch/TGenNextGen/TGN-MiSeq0493/PMI-TGN_Bowers_PH-MISC/GAS-TG98555-xx-CL-USA-xxxx-081-JB_S25_L001_R1_001.fastq.gz	/scratch/TGenNextGen/TGN-MiSeq0493/PMI-TGN_Bowers_PH-MISC/GAS-TG98555-xx-CL-USA-xxxx-081-JB_S25_L001_R2_001.fastq.gz	88.38%
GAS1	2018-08-24	/scratch/TGenNextGen/TGN-MiSeq0586/	/scratch/TGenNextGen/TGN-MiSeq0586/GAS1_S23_L001_R1_001.fastq.gz	/scratch/TGenNextGen/TGN-MiSeq0586/GAS1_S23_L001_R2_001.fastq.gz	0.62%
GAS2	2018-08-24	/scratch/TGenNextGen/TGN-MiSeq0586/	/scratch/TGenNextGen/TGN-MiSeq0586/GAS2_S24_L001_R1_001.fastq.gz	/scratch/TGenNextGen/TGN-MiSeq0586/GAS2_S24_L001_R2_001.fastq.gz	86.34%
GAS_TG93649	2017-01-09	/scratch/TGenNextGen/TGN-MiSeq0355/GAS/	/scratch/TGenNextGen/TGN-MiSeq0355/GAS/GAS_TG93649_S1_L001_R1_001.fastq.gz	/scratch/TGenNextGen/TGN-MiSeq0355/GAS/GAS_TG93649_S1_L001_R2_001.fastq.gz	76.59%
GAS_TG93653	2017-01-09	/scratch/TGenNextGen/TGN-MiSeq0355/GAS/	/scratch/TGenNextGen/TGN-MiSeq0355/GAS/GAS_TG93653_S2_L001_R1_001.fastq.gz	/scratch/TGenNextGen/TGN-MiSeq0355/GAS/GAS_TG93653_S2_L001_R2_001.fastq.gz	86.25%
GAS_TG93657	2017-01-09	/scratch/TGenNextGen/TGN-MiSeq0355/GAS/	/scratch/TGenNextGen/TGN-MiSeq0355/GAS/GAS_TG93657_S3_L001_R1_001.fastq.gz	/scratch/TGenNextGen/TGN-MiSeq0355/GAS/GAS_TG93657_S3_L001_R2_001.fastq.gz	80.16%
GAS_TG93661	2017-01-09	/scratch/TGenNextGen/TGN-MiSeq0355/GAS/	/scratch/TGenNextGen/TGN-MiSeq0355/GAS/GAS_TG93661_S4_L001_R1_001.fastq.gz	/scratch/TGenNextGen/TGN-MiSeq0355/GAS/GAS_TG93661_S4_L001_R2_001.fastq.gz	79.09%
GAS_TG93665	2017-02-02	/scratch/TGenNextGen/TGN-MiSeq0363/CPHCP_GAS/	/scratch/TGenNextGen/TGN-MiSeq0363/CPHCP_GAS/GAS_TG93665_S91_L001_R1_001.fastq.gz	/scratch/TGenNextGen/TGN-MiSeq0363/CPHCP_GAS/GAS_TG93665_S91_L001_R2_001.fastq.gz	92.38%
GAS_TG93669	2017-02-02	/scratch/TGenNextGen/TGN-MiSeq0363/CPHCP_GAS/	/scratch/TGenNextGen/TGN-MiSeq0363/CPHCP_GAS/GAS_TG93669_S92_L001_R1_001.fastq.gz	/scratch/TGenNextGen/TGN-MiSeq0363/CPHCP_GAS/GAS_TG93669_S92_L001_R2_001.fastq.gz	91.26%
GAS_TG93673	2017-02-02	/scratch/TGenNextGen/TGN-MiSeq0363/CPHCP_GAS/	/scratch/TGenNextGen/TGN-MiSeq0363/CPHCP_GAS/GAS_TG93673_S93_L001_R1_001.fastq.gz	/scratch/TGenNextGen/TGN-MiSeq0363/CPHCP_GAS/GAS_TG93673_S93_L001_R2_001.fastq.gz	90.15%
GAS_TG93677	2017-02-02	/scratch/TGenNextGen/TGN-MiSeq0363/CPHCP_GAS/	/scratch/TGenNextGen/TGN-MiSeq0363/CPHCP_GAS/GAS_TG93677_S94_L001_R1_001.fastq.gz	/scratch/TGenNextGen/TGN-MiSeq0363/CPHCP_GAS/GAS_TG93677_S94_L001_R2_001.fastq.gz	90.17%
GAS_TG93681	2017-02-02	/scratch/TGenNextGen/TGN-MiSeq0363/CPHCP_GAS/	/scratch/TGenNextGen/TGN-MiSeq0363/CPHCP_GAS/GAS_TG93681_S95_L001_R1_001.fastq.gz	/scratch/TGenNextGen/TGN-MiSeq0363/CPHCP_GAS/GAS_TG93681_S95_L001_R2_001.fastq.gz	90.17%
GAS_TG93685	2017-02-02	/scratch/TGenNextGen/TGN-MiSeq0363/CPHCP_GAS/	/scratch/TGenNextGen/TGN-MiSeq0363/CPHCP_GAS/GAS_TG93685_S96_L001_R1_001.fastq.gz	/scratch/TGenNextGen/TGN-MiSeq0363/CPHCP_GAS/GAS_TG93685_S96_L001_R2_001.fastq.gz	98.48%
GAS_TG93689	2017-02-02	/scratch/TGenNextGen/TGN-MiSeq0363/CPHCP_GAS/	/scratch/TGenNextGen/TGN-MiSeq0363/CPHCP_GAS/GAS_TG93689_S97_L001_R1_001.fastq.gz	/scratch/TGenNextGen/TGN-MiSeq0363/CPHCP_GAS/GAS_TG93689_S97_L001_R2_001.fastq.gz	89.45%
GAS_TG93693	2017-02-02	/scratch/TGenNextGen/TGN-MiSeq0363/CPHCP_GAS/	/scratch/TGenNextGen/TGN-MiSeq0363/CPHCP_GAS/GAS_TG93693_S98_L001_R1_001.fastq.gz	/scratch/TGenNextGen/TGN-MiSeq0363/CPHCP_GAS/GAS_TG93693_S98_L001_R2_001.fastq.gz	90.15%
GAS_TG93697	2017-02-02	/scratch/TGenNextGen/TGN-MiSeq0363/CPHCP_GAS/	/scratch/TGenNextGen/TGN-MiSeq0363/CPHCP_GAS/GAS_TG93697_S99_L001_R1_001.fastq.gz	/scratch/TGenNextGen/TGN-MiSeq0363/CPHCP_GAS/GAS_TG93697_S99_L001_R2_001.fastq.gz	98.33%
GAS_TG93701	2017-02-02	/scratch/TGenNextGen/TGN-MiSeq0363/CPHCP_GAS/	/scratch/TGenNextGen/TGN-MiSeq0363/CPHCP_GAS/GAS_TG93701_S100_L001_R1_001.fastq.gz	/scratch/TGenNextGen/TGN-MiSeq0363/CPHCP_GAS/GAS_TG93701_S100_L001_R2_001.fastq.gz	89.76%
GAS_TG93705	2017-02-02	/scratch/TGenNextGen/TGN-MiSeq0363/CPHCP_GAS/	/scratch/TGenNextGen/TGN-MiSeq0363/CPHCP_GAS/GAS_TG93705_S101_L001_R1_001.fastq.gz	/scratch/TGenNextGen/TGN-MiSeq0363/CPHCP_GAS/GAS_TG93705_S101_L001_R2_001.fastq.gz	90.00%
GAS_TG93957	2017-02-27	/scratch/TGenNextGen/TGN-MiSeq0366/CPHCP_GAS/	/scratch/TGenNextGen/TGN-MiSeq0366/CPHCP_GAS/GAS_TG93957_S17_L001_R1_001.fastq.gz	/scratch/TGenNextGen/TGN-MiSeq0366/CPHCP_GAS/GAS_TG93957_S17_L001_R2_001.fastq.gz	97.87%
GAS_TG93961	2017-02-27	/scratch/TGenNextGen/TGN-MiSeq0366/CPHCP_GAS/	/scratch/TGenNextGen/TGN-MiSeq0366/CPHCP_GAS/GAS_TG93961_S18_L001_R1_001.fastq.gz	/scratch/TGenNextGen/TGN-MiSeq0366/CPHCP_GAS/GAS_TG93961_S18_L001_R2_001.fastq.gz	90.19%
SA-GAS1011-095	2019-03-18	/scratch/TGenNextGen/TGN-MiSeq0686/PMI-TGN_Bowers_PH-GAS/	/scratch/TGenNextGen/TGN-MiSeq0686/PMI-TGN_Bowers_PH-GAS/SA-GAS1011-095_S8_L001_R1_001.fastq.gz	/scratch/TGenNextGen/TGN-MiSeq0686/PMI-TGN_Bowers_PH-GAS/SA-GAS1011-095_S8_L001_R2_001.fastq.gz	89.10%
SA-GAS1014-095	2019-03-18	/scratch/TGenNextGen/TGN-MiSeq0686/PMI-TGN_Bowers_PH-GAS/	/scratch/TGenNextGen/TGN-MiSeq0686/PMI-TGN_Bowers_PH-GAS/SA-GAS1014-095_S9_L001_R1_001.fastq.gz	/scratch/TGenNextGen/TGN-MiSeq0686/PMI-TGN_Bowers_PH-GAS/SA-GAS1014-095_S9_L001_R2_001.fastq.gz	91.12%
SA-GAS1015-095	2019-03-18	/scratch/TGenNextGen/TGN-MiSeq0686/PMI-TGN_Bowers_PH-GAS/	/scratch/TGenNextGen/TGN-MiSeq0686/PMI-TGN_Bowers_PH-GAS/SA-GAS1015-095_S10_L001_R1_001.fastq.gz	/scratch/TGenNextGen/TGN-MiSeq0686/PMI-TGN_Bowers_PH-GAS/SA-GAS1015-095_S10_L001_R2_001.fastq.gz	91.20%
SA-GAS1017-095	2019-03-18	/scratch/TGenNextGen/TGN-MiSeq0686/PMI-TGN_Bowers_PH-GAS/	/scratch/TGenNextGen/TGN-MiSeq0686/PMI-TGN_Bowers_PH-GAS/SA-GAS1017-095_S11_L001_R1_001.fastq.gz	/scratch/TGenNextGen/TGN-MiSeq0686/PMI-TGN_Bowers_PH-GAS/SA-GAS1017-095_S11_L001_R2_001.fastq.gz	91.25%
SA-GAS1018-095	2019-03-18	/scratch/TGenNextGen/TGN-MiSeq0686/PMI-TGN_Bowers_PH-GAS/	/scratch/TGenNextGen/TGN-MiSeq0686/PMI-TGN_Bowers_PH-GAS/SA-GAS1018-095_S12_L001_R1_001.fastq.gz	/scratch/TGenNextGen/TGN-MiSeq0686/PMI-TGN_Bowers_PH-GAS/SA-GAS1018-095_S12_L001_R2_001.fastq.gz	92.36%
SA-GAS1019-095	2019-03-18	/scratch/TGenNextGen/TGN-MiSeq0686/PMI-TGN_Bowers_PH-GAS/	/scratch/TGenNextGen/TGN-MiSeq0686/PMI-TGN_Bowers_PH-GAS/SA-GAS1019-095_S13_L001_R1_001.fastq.gz	/scratch/TGenNextGen/TGN-MiSeq0686/PMI-TGN_Bowers_PH-GAS/SA-GAS1019-095_S13_L001_R2_001.fastq.gz	90.25%
Streptococcus-Group-A-TG93453	2016-07-29	/scratch/TGenNextGen/TGN-MiSeq0309/	/scratch/TGenNextGen/TGN-MiSeq0309/Streptococcus-Group-A-TG93453_S166_L001_R1_001.fastq.gz	/scratch/TGenNextGen/TGN-MiSeq0309/Streptococcus-Group-A-TG93453_S166_L001_R2_001.fastq.gz	98.68%
Streptococcus-Group-A-TG93457	2016-07-29	/scratch/TGenNextGen/TGN-MiSeq0309/	/scratch/TGenNextGen/TGN-MiSeq0309/Streptococcus-Group-A-TG93457_S167_L001_R1_001.fastq.gz	/scratch/TGenNextGen/TGN-MiSeq0309/Streptococcus-Group-A-TG93457_S167_L001_R2_001.fastq.gz	98.69%
Streptococcus-Group-A-TG93461	2016-07-29	/scratch/TGenNextGen/TGN-MiSeq0309/	/scratch/TGenNextGen/TGN-MiSeq0309/Streptococcus-Group-A-TG93461_S168_L001_R1_001.fastq.gz	/scratch/TGenNextGen/TGN-MiSeq0309/Streptococcus-Group-A-TG93461_S168_L001_R2_001.fastq.gz	91.15%
Streptococcus-Group-A-TG93465	2016-07-29	/scratch/TGenNextGen/TGN-MiSeq0309/	/scratch/TGenNextGen/TGN-MiSeq0309/Streptococcus-Group-A-TG93465_S169_L001_R1_001.fastq.gz	/scratch/TGenNextGen/TGN-MiSeq0309/Streptococcus-Group-A-TG93465_S169_L001_R2_001.fastq.gz	92.47%
Streptococcus-Group-A-TG93469	2016-07-29	/scratch/TGenNextGen/TGN-MiSeq0309/	/scratch/TGenNextGen/TGN-MiSeq0309/Streptococcus-Group-A-TG93469_S170_L001_R1_001.fastq.gz	/scratch/TGenNextGen/TGN-MiSeq0309/Streptococcus-Group-A-TG93469_S170_L001_R2_001.fastq.gz	0.13%
Streptococcus-group-A-TG93481	2016-08-17	/scratch/TGenNextGen/TGN-MiSeq0314/	/scratch/TGenNextGen/TGN-MiSeq0314/Streptococcus-group-A-TG93481_S27_L001_R1_001.fastq.gz	/scratch/TGenNextGen/TGN-MiSeq0314/Streptococcus-group-A-TG93481_S27_L001_R2_001.fastq.gz	92.38%
Streptococcus-group-A-TG93485	2016-08-17	/scratch/TGenNextGen/TGN-MiSeq0314/	/scratch/TGenNextGen/TGN-MiSeq0314/Streptococcus-group-A-TG93485_S28_L001_R1_001.fastq.gz	/scratch/TGenNextGen/TGN-MiSeq0314/Streptococcus-group-A-TG93485_S28_L001_R2_001.fastq.gz	89.24%
TG116723	2018-05-15	/scratch/TGenNextGen/TGN-MiSeq0542/GAS/	/scratch/TGenNextGen/TGN-MiSeq0542/GAS/TG116723_S22_L001_R1_001.fastq.gz	/scratch/TGenNextGen/TGN-MiSeq0542/GAS/TG116723_S22_L001_R2_001.fastq.gz	94.19%
TG116727	2018-05-15	/scratch/TGenNextGen/TGN-MiSeq0542/GAS/	/scratch/TGenNextGen/TGN-MiSeq0542/GAS/TG116727_S23_L001_R1_001.fastq.gz	/scratch/TGenNextGen/TGN-MiSeq0542/GAS/TG116727_S23_L001_R2_001.fastq.gz	86.21%
TG116731	2018-05-15	/scratch/TGenNextGen/TGN-MiSeq0542/GAS/	/scratch/TGenNextGen/TGN-MiSeq0542/GAS/TG116731_S24_L001_R1_001.fastq.gz	/scratch/TGenNextGen/TGN-MiSeq0542/GAS/TG116731_S24_L001_R2_001.fastq.gz	90.45%
TG128492	2018-09-14	/scratch/TGenNextGen/TGN-MiSeq0596/FMC/	/scratch/TGenNextGen/TGN-MiSeq0596/FMC/TG128492_S29_L001_R1_001.fastq.gz	/scratch/TGenNextGen/TGN-MiSeq0596/FMC/TG128492_S29_L001_R2_001.fastq.gz	87.80%
TG128496	2018-09-14	/scratch/TGenNextGen/TGN-MiSeq0596/FMC/	/scratch/TGenNextGen/TGN-MiSeq0596/FMC/TG128496_S30_L001_R1_001.fastq.gz	/scratch/TGenNextGen/TGN-MiSeq0596/FMC/TG128496_S30_L001_R2_001.fastq.gz	88.95%
TG128500	2018-09-14	/scratch/TGenNextGen/TGN-MiSeq0596/FMC/	/scratch/TGenNextGen/TGN-MiSeq0596/FMC/TG128500_S31_L001_R1_001.fastq.gz	/scratch/TGenNextGen/TGN-MiSeq0596/FMC/TG128500_S31_L001_R2_001.fastq.gz	87.13%
TG128504	2018-09-14	/scratch/TGenNextGen/TGN-MiSeq0596/FMC/	/scratch/TGenNextGen/TGN-MiSeq0596/FMC/TG128504_S32_L001_R1_001.fastq.gz	/scratch/TGenNextGen/TGN-MiSeq0596/FMC/TG128504_S32_L001_R2_001.fastq.gz	90.77%
TG128508	2018-09-14	/scratch/TGenNextGen/TGN-MiSeq0596/FMC/	/scratch/TGenNextGen/TGN-MiSeq0596/FMC/TG128508_S33_L001_R1_001.fastq.gz	/scratch/TGenNextGen/TGN-MiSeq0596/FMC/TG128508_S33_L001_R2_001.fastq.gz	98.53%
TG128512	2018-09-14	/scratch/TGenNextGen/TGN-MiSeq0596/FMC/	/scratch/TGenNextGen/TGN-MiSeq0596/FMC/TG128512_S34_L001_R1_001.fastq.gz	/scratch/TGenNextGen/TGN-MiSeq0596/FMC/TG128512_S34_L001_R2_001.fastq.gz	91.00%
TG128516	2018-09-14	/scratch/TGenNextGen/TGN-MiSeq0596/FMC/	/scratch/TGenNextGen/TGN-MiSeq0596/FMC/TG128516_S35_L001_R1_001.fastq.gz	/scratch/TGenNextGen/TGN-MiSeq0596/FMC/TG128516_S35_L001_R2_001.fastq.gz	91.78%
TG93617	2016-11-18	/scratch/TGenNextGen/TGN-MiSeq0343/	/scratch/TGenNextGen/TGN-MiSeq0343/TG93617_S1_L001_R1_001.fastq.gz	/scratch/TGenNextGen/TGN-MiSeq0343/TG93617_S1_L001_R2_001.fastq.gz	92.43%
TG93621	2016-11-18	/scratch/TGenNextGen/TGN-MiSeq0343/	/scratch/TGenNextGen/TGN-MiSeq0343/TG93621_S2_L001_R1_001.fastq.gz	/scratch/TGenNextGen/TGN-MiSeq0343/TG93621_S2_L001_R2_001.fastq.gz	90.07%
TG93625	2016-11-18	/scratch/TGenNextGen/TGN-MiSeq0343/	/scratch/TGenNextGen/TGN-MiSeq0343/TG93625_S3_L001_R1_001.fastq.gz	/scratch/TGenNextGen/TGN-MiSeq0343/TG93625_S3_L001_R2_001.fastq.gz	90.50%
TG93629	2016-11-18	/scratch/TGenNextGen/TGN-MiSeq0343/	/scratch/TGenNextGen/TGN-MiSeq0343/TG93629_S4_L001_R1_001.fastq.gz	/scratch/TGenNextGen/TGN-MiSeq0343/TG93629_S4_L001_R2_001.fastq.gz	92.42%
TG93965	2017-04-07	/scratch/TGenNextGen/TGN-MiSeq0385/GAS/	/scratch/TGenNextGen/TGN-MiSeq0385/GAS/TG93965_S72_L001_R1_001.fastq.gz	/scratch/TGenNextGen/TGN-MiSeq0385/GAS/TG93965_S72_L001_R2_001.fastq.gz	90.22%
TG93969	2017-04-07	/scratch/TGenNextGen/TGN-MiSeq0385/GAS/	/scratch/TGenNextGen/TGN-MiSeq0385/GAS/TG93969_S73_L001_R1_001.fastq.gz	/scratch/TGenNextGen/TGN-MiSeq0385/GAS/TG93969_S73_L001_R2_001.fastq.gz	90.22%
TG93989	2017-04-07	/scratch/TGenNextGen/TGN-MiSeq0385/GAS/	/scratch/TGenNextGen/TGN-MiSeq0385/GAS/TG93989_S74_L001_R1_001.fastq.gz	/scratch/TGenNextGen/TGN-MiSeq0385/GAS/TG93989_S74_L001_R2_001.fastq.gz	67.80%
TG93993	2017-04-07	/scratch/TGenNextGen/TGN-MiSeq0385/GAS/	/scratch/TGenNextGen/TGN-MiSeq0385/GAS/TG93993_S75_L001_R1_001.fastq.gz	/scratch/TGenNextGen/TGN-MiSeq0385/GAS/TG93993_S75_L001_R2_001.fastq.gz	89.93%
AZ-TG95717	2017-09-11	/scratch/mvalentine/Yuma/Salmonella/	/scratch/mvalentine/Yuma/Salmonella/AZ-TG95717_S10_L001_R1_001.fastq.gz	/scratch/mvalentine/Yuma/Salmonella/AZ-TG95717_S10_L001_R2_001.fastq.gz	-
